vehicle_id,origin_id,KEY_CODE,destination_edge,lane_id,current_edge,speed_mps,pos_m,lane_length_m,distance_to_lane_end_m,near_lane_end,current_edge_closed,successor_count,open_successor_count,has_open_path_to_destination,layer
rescue_origin_0051_0005,origin_0051,5439071741,6656#8,5248#1_0,5248#1,0.0,4.3,24.16,19.86,False,False,1,1,True,queue_behind_blockage
rescue_origin_0085_0013,origin_0085,5439072914,11531#5,9338#4_1,9338#4,0.09,0.19,0.2,0.01,True,False,3,3,True,queue_behind_blockage
rescue_origin_0085_0015,origin_0085,5439072914,11531#5,9338#4_0,9338#4,0.0,0.1,0.2,0.1,True,False,3,3,True,queue_behind_blockage
rescue_origin_0108_0001,origin_0108,5439073912,11531#5,5248#5_0,5248#5,0.0,14.79,34.26,19.47,False,False,1,1,True,queue_behind_blockage
rescue_origin_0108_0002,origin_0108,5439073912,11531#5,5248#4_0,5248#4,0.0,11.82,19.23,7.41,True,False,1,1,True,queue_behind_blockage
rescue_origin_0108_0003,origin_0108,5439073912,11531#5,5248#3_0,5248#3,0.0,10.9,13.98,3.08,True,False,1,1,True,queue_behind_blockage
rescue_origin_0108_0004,origin_0108,5439073912,11531#5,5248#2_0,5248#2,0.0,9.92,13.81,3.89,True,False,1,1,True,queue_behind_blockage
rescue_origin_0110_0002,origin_0110,5439073914,11531#5,:1429490904_4_0,:1429490904_4,0.0,6.98,14.38,7.4,True,False,1,1,True,intersection_blockage
rescue_origin_0110_0007,origin_0110,5439073914,11531#5,5235#3_0,5235#3,0.0,0.63,13.97,13.34,False,False,1,1,True,queue_behind_blockage
rescue_origin_0112_0001,origin_0112,5439073922,11531#5,5248#5_0,5248#5,0.0,29.79,34.26,4.47,True,False,1,1,True,queue_behind_blockage
rescue_origin_0112_0002,origin_0112,5439073922,11531#5,5248#5_0,5248#5,0.0,22.29,34.26,11.97,False,False,1,1,True,queue_behind_blockage
rescue_origin_0112_0003,origin_0112,5439073922,11531#5,:9000000016565_1_0,:9000000016565_1,0.0,0.09,0.31,0.22,True,False,1,1,True,intersection_blockage
rescue_origin_0112_0004,origin_0112,5439073922,11531#5,5248#4_0,5248#4,0.0,4.32,19.23,14.91,False,False,1,1,True,queue_behind_blockage
rescue_origin_0112_0005,origin_0112,5439073922,11531#5,5248#3_0,5248#3,0.0,3.4,13.98,10.58,False,False,1,1,True,queue_behind_blockage
rescue_origin_0115_0005,origin_0115,5439073931,11531#5,11012#1_0,11012#1,0.0,55.07,72.77,17.7,False,False,1,1,True,queue_behind_blockage
rescue_origin_0116_0002,origin_0116,5439073932,11531#5,11012#2_0,11012#2,0.0,12.0,39.16,27.16,False,False,4,4,True,queue_behind_blockage
rescue_origin_0117_0001,origin_0117,5439073934,11531#5,6214#1_0,6214#1,0.0,4.11,40.94,36.83,False,False,1,1,True,queue_behind_blockage
rescue_origin_0117_0003,origin_0117,5439073934,11531#5,6214#0_0,6214#0,0.0,29.1,100.08,70.98,False,False,1,1,True,queue_behind_blockage
rescue_origin_0117_0004,origin_0117,5439073934,11531#5,6214#0_1,6214#0,0.0,59.4,100.08,40.68,False,False,1,1,True,queue_behind_blockage
rescue_origin_0133_0004,origin_0133,5439074912,12727#0,6214#1_0,6214#1,0.0,34.11,40.94,6.83,True,False,1,1,True,queue_behind_blockage
rescue_origin_0133_0005,origin_0133,5439074912,12727#0,6214#0_0,6214#0,0.0,89.52,100.08,10.56,False,False,1,1,True,queue_behind_blockage
rescue_origin_0133_0008,origin_0133,5439074912,12727#0,290#16_0,290#16,0.0,3.57,4.25,0.68,True,False,1,1,True,queue_behind_blockage
rescue_origin_0133_0009,origin_0133,5439074912,12727#0,290#12_0,290#12,0.0,7.45,31.5,24.05,False,False,1,1,True,queue_behind_blockage
rescue_origin_0133_0010,origin_0133,5439074912,12727#0,:9000000001112_0_0,:9000000001112_0,0.0,0.26,0.31,0.05,True,False,1,1,True,intersection_blockage
rescue_origin_0133_0011,origin_0133,5439074912,12727#0,290#7_1,290#7,0.0,23.11,40.12,17.01,False,False,1,1,True,queue_behind_blockage
rescue_origin_0133_0012,origin_0133,5439074912,12727#0,:9000000001101_0_1,:9000000001101_0,0.0,2.66,2.77,0.11,True,False,1,1,True,intersection_blockage
rescue_origin_0136_0001,origin_0136,5439074921,12727#0,290#14_1,290#14,0.0,24.49,31.58,7.09,True,False,1,1,True,queue_behind_blockage
rescue_origin_0136_0002,origin_0136,5439074921,12727#0,290#10_0,290#10,0.0,10.81,18.64,7.83,True,False,1,1,True,queue_behind_blockage
rescue_origin_0136_0004,origin_0136,5439074921,12727#0,290#7_1,290#7,0.0,38.11,40.12,2.01,True,False,1,1,True,queue_behind_blockage
rescue_origin_0136_0005,origin_0136,5439074921,12727#0,290#9_0,290#9,0.0,2.01,13.6,11.59,False,False,1,1,True,queue_behind_blockage
rescue_origin_0146_0001,origin_0146,5439075533,6104#10,5836#11_0,5836#11,0.0,37.39,44.89,7.5,True,True,1,0,False,physical_isolation
rescue_origin_0146_0002,origin_0146,5439075533,6104#10,5836#9_0,5836#9,0.0,7.32,7.32,0.0,True,True,1,0,False,physical_isolation
rescue_origin_0146_0003,origin_0146,5439075533,6104#10,5836#6_0,5836#6,0.0,26.03,26.03,0.0,True,True,1,0,False,physical_isolation
rescue_origin_0150_0001,origin_0150,5439075621,6104#10,5836#7_0,5836#7,0.0,8.21,8.21,0.0,True,True,1,0,False,physical_isolation
rescue_origin_0150_0002,origin_0150,5439075621,6104#10,5836#5_0,5836#5,0.0,13.9,13.9,0.0,True,True,1,0,False,physical_isolation
rescue_origin_0153_0001,origin_0153,5439075632,6104#10,5836#12_0,5836#12,0.0,151.17,188.68,37.51,False,True,1,0,False,physical_isolation
rescue_origin_0153_0002,origin_0153,5439075632,6104#10,5836#11_0,5836#11,0.0,44.89,44.89,0.0,True,True,1,0,False,physical_isolation
rescue_origin_0159_0003,origin_0159,5439075912,12727#0,290#11_0,290#11,0.0,21.88,51.62,29.74,False,False,1,1,True,queue_behind_blockage
rescue_origin_0159_0004,origin_0159,5439075912,12727#0,290#11_0,290#11,0.0,6.87,51.62,44.75,False,False,1,1,True,queue_behind_blockage
rescue_origin_0167_0002,origin_0167,5439076523,6104#10,5942#5_0,5942#5,0.0,29.51,52.01,22.5,False,True,1,0,False,physical_isolation
rescue_origin_0169_0003,origin_0169,5439076544,6104#10,5942#6_0,5942#6,0.0,56.39,56.39,0.0,True,True,1,0,False,physical_isolation
rescue_origin_0173_0001,origin_0173,5439076642,6104#10,5942#6_0,5942#6,0.0,18.88,56.39,37.51,False,True,1,0,False,physical_isolation
rescue_origin_0173_0002,origin_0173,5439076642,6104#10,5942#6_0,5942#6,0.0,11.38,56.39,45.01,False,True,1,0,False,physical_isolation
rescue_origin_0279_0001,origin_0279,5439172823,7058,:2087802545_0_1,:2087802545_0,0.0,5.05,12.5,7.45,True,False,1,1,True,intersection_blockage
rescue_origin_0280_0011,origin_0280,5439172833,7058,:309907072_10_0,:309907072_10,0.0,4.09,20.91,16.82,False,False,1,1,True,intersection_blockage
rescue_origin_0281_0001,origin_0281,5439172834,7058,:309907072_0_1,:309907072_0,0.0,6.67,14.07,7.4,True,False,1,1,True,intersection_blockage
rescue_origin_0294_0002,origin_0294,5439173214,3270#3,:11237395541_10_0,:11237395541_10,0.0,9.31,10.3,0.99,True,False,1,1,True,intersection_blockage
rescue_origin_0311_0001,origin_0311,5439173544,3270#3,3329#3_1,3329#3,0.0,20.39,28.95,8.56,True,False,1,1,True,queue_behind_blockage
rescue_origin_0318_0003,origin_0318,5439173631,3270#3,:9000000011497_0_0,:9000000011497_0,0.0,2.49,2.98,0.49,True,False,1,1,True,intersection_blockage
rescue_origin_0318_0004,origin_0318,5439173631,3270#3,:9000000011498_0_1,:9000000011498_0,0.0,1.7,3.01,1.31,True,False,1,1,True,intersection_blockage
rescue_origin_0321_0003,origin_0321,5439173641,3270#3,3308#0_0,3308#0,0.0,15.42,60.43,45.01,False,False,1,1,True,queue_behind_blockage
rescue_origin_0342_0003,origin_0342,5439174513,3270#3,12365#7_1,12365#7,0.0,58.5,82.11,23.61,False,False,1,1,True,queue_behind_blockage
rescue_origin_0342_0004,origin_0342,5439174513,3270#3,12365#7_1,12365#7,0.0,51.0,82.11,31.11,False,False,1,1,True,queue_behind_blockage
rescue_origin_0344_0011,origin_0344,5439174522,3270#3,3329#0_1,3329#0,0.0,10.94,13.08,2.14,True,False,1,1,True,queue_behind_blockage
rescue_origin_0347_0007,origin_0347,5439174532,3270#3,12365#9_0,12365#9,0.0,0.15,0.15,0.0,True,False,3,3,True,queue_behind_blockage
rescue_origin_0392_0002,origin_0392,5440004021,11531#5,6214#0_1,6214#0,0.0,66.91,100.08,33.17,False,False,1,1,True,queue_behind_blockage
veh_full_origin_0049_0006,origin_0049,5439071731,6656#8,5248#1_0,5248#1,0.0,11.81,24.16,12.35,False,False,1,1,True,queue_behind_blockage
veh_full_origin_0049_0010,origin_0049,5439071731,6656#8,5248#0_0,5248#0,0.0,3.08,6.09,3.01,True,False,1,1,True,queue_behind_blockage
veh_full_origin_0084_0050,origin_0084,5439072913,11531#5,6527#4_1,6527#4,0.0,13.29,38.37,25.08,False,False,1,1,True,queue_behind_blockage
veh_full_origin_0084_0051,origin_0084,5439072913,11531#5,6527#3_1,6527#3,0.0,9.61,40.59,30.98,False,False,1,1,True,queue_behind_blockage
veh_full_origin_0084_0052,origin_0084,5439072913,11531#5,6527#2_1,6527#2,0.0,45.98,50.74,4.76,True,False,1,1,True,queue_behind_blockage
veh_full_origin_0084_0054,origin_0084,5439072913,11531#5,:3746525689_6_1,:3746525689_6,0.0,3.59,19.88,16.29,False,False,1,1,True,intersection_blockage
veh_full_origin_0084_0055,origin_0084,5439072913,11531#5,6527#4_0,6527#4,0.0,16.2,38.37,22.17,False,False,1,1,True,queue_behind_blockage
veh_full_origin_0084_0056,origin_0084,5439072913,11531#5,6527#1_1,6527#1,0.0,4.6,10.76,6.16,True,False,1,1,True,queue_behind_blockage
veh_full_origin_0085_0011,origin_0085,5439072914,11531#5,9062#2_1,9062#2,0.0,43.64,48.27,4.63,True,False,4,4,True,queue_behind_blockage
veh_full_origin_0085_0019,origin_0085,5439072914,11531#5,6527#4_1,6527#4,0.0,20.79,38.37,17.58,False,False,1,1,True,queue_behind_blockage
veh_full_origin_0085_0023,origin_0085,5439072914,11531#5,6527#4_1,6527#4,0.0,28.29,38.37,10.08,False,False,1,1,True,queue_behind_blockage
veh_full_origin_0085_0025,origin_0085,5439072914,11531#5,6527#3_0,6527#3,0.0,27.52,40.59,13.07,False,False,1,1,True,queue_behind_blockage
veh_full_origin_0085_0027,origin_0085,5439072914,11531#5,6527#2_0,6527#2,0.0,33.89,50.74,16.85,False,False,1,1,True,queue_behind_blockage
veh_full_origin_0085_0032,origin_0085,5439072914,11531#5,:546648491_5_0,:546648491_5,2.37,2.37,9.06,6.69,True,False,1,1,True,intersection_blockage
veh_full_origin_0085_0033,origin_0085,5439072914,11531#5,:3746525689_6_1,:3746525689_6,0.0,18.6,19.88,1.28,True,False,1,1,True,intersection_blockage
veh_full_origin_0085_0034,origin_0085,5439072914,11531#5,6527#3_1,6527#3,0.0,17.12,40.59,23.47,False,False,1,1,True,queue_behind_blockage
veh_full_origin_0085_0037,origin_0085,5439072914,11531#5,:3746525689_6_0,:3746525689_6,0.0,11.1,19.88,8.78,True,False,1,1,True,intersection_blockage
veh_full_origin_0085_0040,origin_0085,5439072914,11531#5,6527#2_1,6527#2,0.0,38.48,50.74,12.26,False,False,1,1,True,queue_behind_blockage
veh_full_origin_0085_0041,origin_0085,5439072914,11531#5,6527#5_0,6527#5,0.0,0.09,0.2,0.11,True,False,4,4,True,queue_behind_blockage
veh_full_origin_0085_0071,origin_0085,5439072914,11531#5,9338#3_0,9338#3,2.21,0.17,0.2,0.03,True,False,1,1,True,queue_behind_blockage
veh_full_origin_0085_0090,origin_0085,5439072914,11531#5,9338#2_0,9338#2,0.0,1.49,5.58,4.09,True,False,1,1,True,queue_behind_blockage
veh_full_origin_0085_0091,origin_0085,5439072914,11531#5,:9000000006053_0_1,:9000000006053_0,1.99,5.39,5.45,0.06,True,False,1,1,True,intersection_blockage
veh_full_origin_0085_0093,origin_0085,5439072914,11531#5,1484#0_1,1484#0,0.1,0.19,0.2,0.01,True,False,1,1,True,queue_behind_blockage
veh_full_origin_0085_0095,origin_0085,5439072914,11531#5,9338#2_1,9338#2,0.0,1.49,5.58,4.09,True,False,1,1,True,queue_behind_blockage
veh_full_origin_0090_0020,origin_0090,5439072941,11531#5,5235#1_0,5235#1,0.0,9.71,34.26,24.55,False,False,1,1,True,queue_behind_blockage
veh_full_origin_0090_0021,origin_0090,5439072941,11531#5,5235#1_0,5235#1,0.0,2.21,34.26,32.05,False,False,1,1,True,queue_behind_blockage
veh_full_origin_0090_0022,origin_0090,5439072941,11531#5,:1429735875_4_0,:1429735875_4,0.0,11.06,14.12,3.06,True,False,1,1,True,intersection_blockage
veh_full_origin_0093_0013,origin_0093,5439072944,11531#5,9120_0,9120,0.0,35.93,43.53,7.6,True,False,4,4,True,queue_behind_blockage
veh_full_origin_0108_0014,origin_0108,5439073912,11531#5,11012#1_0,11012#1,0.0,40.07,72.77,32.7,False,False,1,1,True,queue_behind_blockage
veh_full_origin_0108_0015,origin_0108,5439073912,11531#5,11012#1_0,11012#1,0.0,32.57,72.77,40.2,False,False,1,1,True,queue_behind_blockage
veh_full_origin_0108_0016,origin_0108,5439073912,11531#5,11012#1_0,11012#1,0.0,25.07,72.77,47.7,False,False,1,1,True,queue_behind_blockage
veh_full_origin_0108_0017,origin_0108,5439073912,11531#5,11012#1_0,11012#1,0.0,17.57,72.77,55.2,False,False,1,1,True,queue_behind_blockage
veh_full_origin_0108_0062,origin_0108,5439073912,11531#5,6214#1_0,6214#1,0.0,26.61,40.94,14.33,False,False,1,1,True,queue_behind_blockage
veh_full_origin_0108_0065,origin_0108,5439073912,11531#5,6214#0_0,6214#0,0.0,97.02,100.08,3.06,True,False,1,1,True,queue_behind_blockage
veh_full_origin_0109_0015,origin_0109,5439073913,11531#5,11012#1_0,11012#1,0.0,62.57,72.77,10.2,False,False,1,1,True,queue_behind_blockage
veh_full_origin_0109_0026,origin_0109,5439073913,11531#5,5248#1_0,5248#1,0.0,19.31,24.16,4.85,True,False,1,1,True,queue_behind_blockage
veh_full_origin_0110_0008,origin_0110,5439073914,11531#5,6527#2_1,6527#2,0.0,8.48,50.74,42.26,False,False,1,1,True,queue_behind_blockage
veh_full_origin_0110_0021,origin_0110,5439073914,11531#5,6527#3_0,6527#3,0.0,35.02,40.59,5.57,True,False,1,1,True,queue_behind_blockage
veh_full_origin_0110_0024,origin_0110,5439073914,11531#5,6527#2_0,6527#2,0.0,11.38,50.74,39.36,False,False,1,1,True,queue_behind_blockage
veh_full_origin_0110_0031,origin_0110,5439073914,11531#5,9065#0_1,9065#0,0.0,6.22,13.72,7.5,True,False,1,1,True,queue_behind_blockage
veh_full_origin_0110_0035,origin_0110,5439073914,11531#5,9120_0,9120,0.0,43.43,43.53,0.1,True,False,4,4,True,queue_behind_blockage
veh_full_origin_0110_0036,origin_0110,5439073914,11531#5,9120_0,9120,0.0,28.43,43.53,15.1,False,False,4,4,True,queue_behind_blockage
veh_full_origin_0110_0037,origin_0110,5439073914,11531#5,9120_0,9120,0.0,5.92,43.53,37.61,False,False,4,4,True,queue_behind_blockage
veh_full_origin_0110_0071,origin_0110,5439073914,11531#5,9120_0,9120,0.0,20.93,43.53,22.6,False,False,4,4,True,queue_behind_blockage
veh_full_origin_0110_0072,origin_0110,5439073914,11531#5,:3747375039_1_0,:3747375039_1,0.0,12.74,14.32,1.58,True,False,1,1,True,intersection_blockage
veh_full_origin_0111_0017,origin_0111,5439073921,11531#5,5235#2_0,5235#2,0.0,12.69,19.23,6.54,True,False,1,1,True,queue_behind_blockage
veh_full_origin_0111_0018,origin_0111,5439073921,11531#5,5235#1_0,5235#1,1.73,33.94,34.26,0.32,True,False,1,1,True,queue_behind_blockage
veh_full_origin_0112_0002,origin_0112,5439073922,11531#5,:1429735875_8_0,:1429735875_8,0.0,1.33,1.43,0.1,True,False,1,1,True,intersection_blockage
veh_full_origin_0114_0014,origin_0114,5439073924,11531#5,9065#0_1,9065#0,0.0,13.72,13.72,0.0,True,False,1,1,True,queue_behind_blockage
veh_full_origin_0116_0005,origin_0116,5439073932,11531#5,11012#1_0,11012#1,0.0,10.07,72.77,62.7,False,False,1,1,True,queue_behind_blockage
veh_full_origin_0116_0006,origin_0116,5439073932,11531#5,11012#1_0,11012#1,0.0,2.57,72.77,70.2,False,False,1,1,True,queue_behind_blockage
veh_full_origin_0116_0007,origin_0116,5439073932,11531#5,11012#0_0,11012#0,0.0,39.72,44.47,4.75,True,False,1,1,True,queue_behind_blockage
veh_full_origin_0116_0008,origin_0116,5439073932,11531#5,11012#0_0,11012#0,0.0,32.22,44.47,12.25,False,False,1,1,True,queue_behind_blockage
veh_full_origin_0116_0009,origin_0116,5439073932,11531#5,11012#0_0,11012#0,0.0,24.72,44.47,19.75,False,False,1,1,True,queue_behind_blockage
veh_full_origin_0116_0011,origin_0116,5439073932,11531#5,11012#2_0,11012#2,0.0,27.0,39.16,12.16,False,False,4,4,True,queue_behind_blockage
veh_full_origin_0116_0012,origin_0116,5439073932,11531#5,11012#2_0,11012#2,0.0,19.5,39.16,19.66,False,False,4,4,True,queue_behind_blockage
veh_full_origin_0116_0013,origin_0116,5439073932,11531#5,11012#0_0,11012#0,0.0,9.72,44.47,34.75,False,False,1,1,True,queue_behind_blockage
veh_full_origin_0116_0014,origin_0116,5439073932,11531#5,11012#2_0,11012#2,0.0,34.5,39.16,4.66,True,False,4,4,True,queue_behind_blockage
veh_full_origin_0116_0020,origin_0116,5439073932,11531#5,:1429735990_14_0,:1429735990_14,0.0,10.34,14.76,4.42,True,False,1,1,True,intersection_blockage
veh_full_origin_0116_0021,origin_0116,5439073932,11531#5,:1429735990_13_0,:1429735990_13,0.0,2.84,16.22,13.38,False,False,1,1,True,intersection_blockage
veh_full_origin_0116_0058,origin_0116,5439073932,11531#5,6214#0_0,6214#0,0.0,67.01,100.08,33.07,False,False,1,1,True,queue_behind_blockage
veh_full_origin_0116_0059,origin_0116,5439073932,11531#5,6214#0_0,6214#0,0.0,36.6,100.08,63.48,False,False,1,1,True,queue_behind_blockage
veh_full_origin_0116_0062,origin_0116,5439073932,11531#5,6214#0_1,6214#0,0.0,44.2,100.08,55.88,False,False,1,1,True,queue_behind_blockage
veh_full_origin_0116_0067,origin_0116,5439073932,11531#5,11012#2_0,11012#2,0.0,4.5,39.16,34.66,False,False,4,4,True,queue_behind_blockage
veh_full_origin_0116_0073,origin_0116,5439073932,11531#5,11012#0_0,11012#0,0.0,17.22,44.47,27.25,False,False,1,1,True,queue_behind_blockage
veh_full_origin_0116_0076,origin_0116,5439073932,11531#5,5248#2_0,5248#2,0.0,2.42,13.81,11.39,False,False,1,1,True,queue_behind_blockage
veh_full_origin_0116_0080,origin_0116,5439073932,11531#5,11012#1_0,11012#1,0.0,70.07,72.77,2.7,True,False,1,1,True,queue_behind_blockage
veh_full_origin_0116_0091,origin_0116,5439073932,11531#5,5235#1_0,5235#1,0.0,17.21,34.26,17.05,False,False,1,1,True,queue_behind_blockage
veh_full_origin_0116_0092,origin_0116,5439073932,11531#5,5248#5_0,5248#5,0.0,7.28,34.26,26.98,False,False,1,1,True,queue_behind_blockage
veh_full_origin_0116_0093,origin_0116,5439073932,11531#5,11012#1_0,11012#1,0.0,47.57,72.77,25.2,False,False,1,1,True,queue_behind_blockage
veh_full_origin_0117_0049,origin_0117,5439073934,11531#5,5235#2_0,5235#2,0.0,5.18,19.23,14.05,False,False,1,1,True,queue_behind_blockage
veh_full_origin_0117_0050,origin_0117,5439073934,11531#5,5235#1_0,5235#1,0.0,24.71,34.26,9.55,True,False,1,1,True,queue_behind_blockage
veh_full_origin_0117_0059,origin_0117,5439073934,11531#5,6214#1_0,6214#1,0.0,11.61,40.94,29.33,False,False,1,1,True,queue_behind_blockage
veh_full_origin_0117_0064,origin_0117,5439073934,11531#5,6214#0_0,6214#0,0.0,21.6,100.08,78.48,False,False,1,1,True,queue_behind_blockage
veh_full_origin_0118_0002,origin_0118,5439073941,12727#0,290#2_0,290#2,0.0,0.26,3.7,3.44,True,False,1,1,True,queue_behind_blockage
veh_full_origin_0131_0012,origin_0131,5439074824,12727#0,6214#1_1,6214#1,0.0,33.44,40.94,7.5,True,False,1,1,True,queue_behind_blockage
veh_full_origin_0132_0007,origin_0132,5439074911,12727#0,290#7_0,290#7,0.0,30.51,40.12,9.61,True,False,1,1,True,queue_behind_blockage
veh_full_origin_0132_0070,origin_0132,5439074911,12727#0,290#2_1,290#2,0.0,0.36,3.7,3.34,True,False,1,1,True,queue_behind_blockage
veh_full_origin_0133_0044,origin_0133,5439074912,12727#0,290#13_0,290#13,0.0,13.13,40.92,27.79,False,False,1,1,True,queue_behind_blockage
veh_full_origin_0133_0045,origin_0133,5439074912,12727#0,290#11_1,290#11,0.0,6.97,51.62,44.65,False,False,1,1,True,queue_behind_blockage
veh_full_origin_0133_0046,origin_0133,5439074912,12727#0,290#3_0,290#3,0.0,8.9,10.52,1.62,True,False,1,1,True,queue_behind_blockage
veh_full_origin_0133_0047,origin_0133,5439074912,12727#0,:9000000001101_0_0,:9000000001101_0,0.0,2.56,2.77,0.21,True,False,1,1,True,intersection_blockage
veh_full_origin_0134_0011,origin_0134,5439074913,11531#5,6214#0_0,6214#0,0.0,44.3,100.08,55.78,False,False,1,1,True,queue_behind_blockage
veh_full_origin_0136_0017,origin_0136,5439074921,12727#0,290#14_0,290#14,0.0,16.89,31.58,14.69,False,False,1,1,True,queue_behind_blockage
veh_full_origin_0136_0018,origin_0136,5439074921,12727#0,290#13_0,290#13,0.0,5.63,40.92,35.29,False,False,1,1,True,queue_behind_blockage
veh_full_origin_0136_0019,origin_0136,5439074921,12727#0,290#11_0,290#11,0.0,36.88,51.62,14.74,False,False,1,1,True,queue_behind_blockage
veh_full_origin_0136_0020,origin_0136,5439074921,12727#0,290#11_0,290#11,0.0,14.37,51.62,37.25,False,False,1,1,True,queue_behind_blockage
veh_full_origin_0136_0021,origin_0136,5439074921,12727#0,290#12_0,290#12,0.0,22.45,31.5,9.05,True,False,1,1,True,queue_behind_blockage
veh_full_origin_0136_0025,origin_0136,5439074921,12727#0,290#12_0,290#12,0.0,14.95,31.5,16.55,False,False,1,1,True,queue_behind_blockage
veh_full_origin_0136_0026,origin_0136,5439074921,12727#0,290#13_0,290#13,0.0,20.63,40.92,20.29,False,False,1,1,True,queue_behind_blockage
veh_full_origin_0136_0027,origin_0136,5439074921,12727#0,290#15_0,290#15,0.0,0.98,3.09,2.11,True,False,1,1,True,queue_behind_blockage
veh_full_origin_0139_0008,origin_0139,5439074931,12727#0,6214#0_1,6214#0,0.0,81.34,100.08,18.74,False,False,1,1,True,queue_behind_blockage
veh_full_origin_0139_0009,origin_0139,5439074931,12727#0,6214#1_0,6214#1,0.0,19.11,40.94,21.83,False,False,1,1,True,queue_behind_blockage
veh_full_origin_0139_0016,origin_0139,5439074931,12727#0,290#6_0,290#6,0.0,3.84,25.65,21.81,False,False,1,1,True,queue_behind_blockage
veh_full_origin_0141_0013,origin_0141,5439074933,12727#0,290#12_0,290#12,0.0,29.95,31.5,1.55,True,False,1,1,True,queue_behind_blockage
veh_full_origin_0142_0008,origin_0142,5439074941,12727#0,290#7_1,290#7,0.0,0.6,40.12,39.52,False,False,1,1,True,queue_behind_blockage
veh_full_origin_0142_0016,origin_0142,5439074941,12727#0,290#7_1,290#7,0.0,8.1,40.12,32.02,False,False,1,1,True,queue_behind_blockage
veh_full_origin_0145_0001,origin_0145,5439075524,6104#10,5942#5_0,5942#5,0.0,7.0,52.01,45.01,False,True,1,0,False,physical_isolation
veh_full_origin_0145_0002,origin_0145,5439075524,6104#10,5942#4_0,5942#4,0.0,14.25,14.25,0.0,True,True,1,0,False,physical_isolation
veh_full_origin_0145_0003,origin_0145,5439075524,6104#10,5942#4_0,5942#4,0.0,6.75,14.25,7.5,True,True,1,0,False,physical_isolation
veh_full_origin_0146_0001,origin_0146,5439075533,6104#10,5942#5_0,5942#5,0.0,22.0,52.01,30.01,False,True,1,0,False,physical_isolation
veh_full_origin_0146_0002,origin_0146,5439075533,6104#10,5942#5_0,5942#5,0.0,14.5,52.01,37.51,False,True,1,0,False,physical_isolation
veh_full_origin_0146_0003,origin_0146,5439075533,6104#10,5942#3_0,5942#3,0.0,17.32,17.32,0.0,True,True,1,0,False,physical_isolation
veh_full_origin_0146_0004,origin_0146,5439075533,6104#10,5942#3_0,5942#3,0.0,9.82,17.32,7.5,True,True,1,0,False,physical_isolation
veh_full_origin_0146_0005,origin_0146,5439075533,6104#10,5942#2_0,5942#2,0.0,14.52,14.52,0.0,True,True,1,0,False,physical_isolation
veh_full_origin_0146_0006,origin_0146,5439075533,6104#10,5942#2_0,5942#2,0.0,7.02,14.52,7.5,True,True,1,0,False,physical_isolation
veh_full_origin_0146_0007,origin_0146,5439075533,6104#10,5942#1_0,5942#1,0.0,12.98,12.98,0.0,True,True,1,0,False,physical_isolation
veh_full_origin_0146_0008,origin_0146,5439075533,6104#10,5942#1_0,5942#1,0.0,5.48,12.98,7.5,True,True,1,0,False,physical_isolation
veh_full_origin_0146_0009,origin_0146,5439075533,6104#10,5942#0_0,5942#0,0.0,37.87,37.87,0.0,True,True,1,0,False,physical_isolation
veh_full_origin_0146_0010,origin_0146,5439075533,6104#10,5942#0_0,5942#0,0.0,30.37,37.87,7.5,True,True,1,0,False,physical_isolation
veh_full_origin_0146_0011,origin_0146,5439075533,6104#10,5942#0_0,5942#0,0.0,22.87,37.87,15.0,False,True,1,0,False,physical_isolation
veh_full_origin_0146_0012,origin_0146,5439075533,6104#10,5942#0_0,5942#0,0.0,15.37,37.87,22.5,False,True,1,0,False,physical_isolation
veh_full_origin_0146_0013,origin_0146,5439075533,6104#10,5942#0_0,5942#0,0.0,7.86,37.87,30.01,False,True,1,0,False,physical_isolation
veh_full_origin_0146_0014,origin_0146,5439075533,6104#10,5931#5_0,5931#5,0.0,47.74,47.74,0.0,True,True,3,1,True,queue_behind_blockage
veh_full_origin_0146_0015,origin_0146,5439075533,6104#10,5931#5_0,5931#5,0.0,40.24,47.74,7.5,True,True,3,1,True,queue_behind_blockage
veh_full_origin_0146_0016,origin_0146,5439075533,6104#10,5931#5_0,5931#5,0.0,32.74,47.74,15.0,False,True,3,1,True,queue_behind_blockage
veh_full_origin_0146_0017,origin_0146,5439075533,6104#10,5931#5_0,5931#5,0.0,25.24,47.74,22.5,False,True,3,1,True,queue_behind_blockage
veh_full_origin_0146_0018,origin_0146,5439075533,6104#10,5931#5_0,5931#5,0.0,17.73,47.74,30.01,False,True,3,1,True,queue_behind_blockage
veh_full_origin_0146_0019,origin_0146,5439075533,6104#10,5931#5_0,5931#5,0.0,10.23,47.74,37.51,False,True,3,1,True,queue_behind_blockage
veh_full_origin_0146_0020,origin_0146,5439075533,6104#10,5931#5_0,5931#5,0.0,2.73,47.74,45.01,False,True,3,1,True,queue_behind_blockage
veh_full_origin_0146_0021,origin_0146,5439075533,6104#10,5931#4_0,5931#4,0.0,20.64,24.95,4.31,True,True,1,0,False,physical_isolation
veh_full_origin_0146_0022,origin_0146,5439075533,6104#10,5931#4_0,5931#4,0.0,13.14,24.95,11.81,False,True,1,0,False,physical_isolation
veh_full_origin_0146_0023,origin_0146,5439075533,6104#10,5931#4_0,5931#4,0.0,5.64,24.95,19.31,False,True,1,0,False,physical_isolation
veh_full_origin_0146_0024,origin_0146,5439075533,6104#10,5931#3_0,5931#3,0.0,31.2,38.7,7.5,True,True,1,0,False,physical_isolation
veh_full_origin_0146_0025,origin_0146,5439075533,6104#10,5931#3_0,5931#3,0.0,23.7,38.7,15.0,False,True,1,0,False,physical_isolation
veh_full_origin_0146_0026,origin_0146,5439075533,6104#10,5931#3_0,5931#3,0.0,16.2,38.7,22.5,False,True,1,0,False,physical_isolation
veh_full_origin_0146_0027,origin_0146,5439075533,6104#10,5931#3_0,5931#3,0.0,8.69,38.7,30.01,False,True,1,0,False,physical_isolation
veh_full_origin_0146_0028,origin_0146,5439075533,6104#10,5931#2_0,5931#2,0.0,37.67,37.67,0.0,True,True,1,0,False,physical_isolation
veh_full_origin_0146_0029,origin_0146,5439075533,6104#10,5931#2_0,5931#2,0.0,30.17,37.67,7.5,True,True,1,0,False,physical_isolation
veh_full_origin_0146_0030,origin_0146,5439075533,6104#10,5931#2_0,5931#2,0.0,22.67,37.67,15.0,False,True,1,0,False,physical_isolation
veh_full_origin_0146_0031,origin_0146,5439075533,6104#10,5931#2_0,5931#2,0.0,15.17,37.67,22.5,False,True,1,0,False,physical_isolation
veh_full_origin_0146_0032,origin_0146,5439075533,6104#10,5931#2_0,5931#2,0.0,7.66,37.67,30.01,False,True,1,0,False,physical_isolation
veh_full_origin_0146_0033,origin_0146,5439075533,6104#10,5931#1_0,5931#1,0.0,18.87,18.87,0.0,True,True,1,0,False,physical_isolation
veh_full_origin_0146_0034,origin_0146,5439075533,6104#10,5931#1_0,5931#1,0.0,11.37,18.87,7.5,True,True,1,0,False,physical_isolation
veh_full_origin_0146_0035,origin_0146,5439075533,6104#10,5931#1_0,5931#1,0.0,3.87,18.87,15.0,False,True,1,0,False,physical_isolation
veh_full_origin_0146_0036,origin_0146,5439075533,6104#10,5931#0_0,5931#0,0.0,6.52,9.97,3.45,True,True,1,0,False,physical_isolation
veh_full_origin_0146_0037,origin_0146,5439075533,6104#10,5895#2_0,5895#2,0.0,61.6,69.1,7.5,True,True,4,0,False,physical_isolation
veh_full_origin_0146_0038,origin_0146,5439075533,6104#10,5895#2_0,5895#2,0.0,54.1,69.1,15.0,False,True,4,0,False,physical_isolation
veh_full_origin_0146_0039,origin_0146,5439075533,6104#10,5895#2_0,5895#2,0.0,46.6,69.1,22.5,False,True,4,0,False,physical_isolation
veh_full_origin_0146_0040,origin_0146,5439075533,6104#10,5895#2_0,5895#2,0.0,39.09,69.1,30.01,False,True,4,0,False,physical_isolation
veh_full_origin_0146_0041,origin_0146,5439075533,6104#10,5895#2_0,5895#2,0.0,31.59,69.1,37.51,False,True,4,0,False,physical_isolation
veh_full_origin_0146_0042,origin_0146,5439075533,6104#10,5895#2_0,5895#2,0.0,24.09,69.1,45.01,False,True,4,0,False,physical_isolation
veh_full_origin_0147_0001,origin_0147,5439075534,6104#10,5931#3_0,5931#3,0.0,38.7,38.7,0.0,True,True,1,0,False,physical_isolation
veh_full_origin_0147_0002,origin_0147,5439075534,6104#10,5895#2_0,5895#2,0.0,16.59,69.1,52.51,False,True,4,0,False,physical_isolation
veh_full_origin_0147_0003,origin_0147,5439075534,6104#10,5895#2_0,5895#2,0.0,9.09,69.1,60.01,False,True,4,0,False,physical_isolation
veh_full_origin_0147_0004,origin_0147,5439075534,6104#10,5895#2_0,5895#2,0.0,1.59,69.1,67.51,False,True,4,0,False,physical_isolation
veh_full_origin_0147_0005,origin_0147,5439075534,6104#10,5895#1_0,5895#1,0.0,17.61,23.38,5.77,True,True,1,0,False,physical_isolation
veh_full_origin_0147_0006,origin_0147,5439075534,6104#10,5895#1_0,5895#1,0.0,10.11,23.38,13.27,False,True,1,0,False,physical_isolation
veh_full_origin_0147_0007,origin_0147,5439075534,6104#10,5895#1_0,5895#1,0.0,2.61,23.38,20.77,False,True,1,0,False,physical_isolation
veh_full_origin_0150_0001,origin_0150,5439075621,6104#10,5895#2_0,5895#2,0.0,69.1,69.1,0.0,True,True,4,0,False,physical_isolation
veh_full_origin_0153_0012,origin_0153,5439075632,6104#10,5836#12_0,5836#12,0.0,188.68,188.68,0.0,True,True,1,0,False,physical_isolation
veh_full_origin_0153_0013,origin_0153,5439075632,6104#10,5836#12_0,5836#12,0.0,181.18,188.68,7.5,True,True,1,0,False,physical_isolation
veh_full_origin_0153_0014,origin_0153,5439075632,6104#10,5836#12_0,5836#12,0.0,173.68,188.68,15.0,False,True,1,0,False,physical_isolation
veh_full_origin_0153_0015,origin_0153,5439075632,6104#10,5836#12_0,5836#12,0.0,166.18,188.68,22.5,False,True,1,0,False,physical_isolation
veh_full_origin_0153_0016,origin_0153,5439075632,6104#10,5836#12_0,5836#12,0.0,158.67,188.68,30.01,False,True,1,0,False,physical_isolation
veh_full_origin_0156_0001,origin_0156,5439075644,6104#10,5942#6_0,5942#6,0.0,33.89,56.39,22.5,False,True,1,0,False,physical_isolation
veh_full_origin_0156_0002,origin_0156,5439075644,6104#10,5942#5_0,5942#5,0.0,52.01,52.01,0.0,True,True,1,0,False,physical_isolation
veh_full_origin_0156_0003,origin_0156,5439075644,6104#10,5942#5_0,5942#5,0.0,44.51,52.01,7.5,True,True,1,0,False,physical_isolation
veh_full_origin_0156_0004,origin_0156,5439075644,6104#10,5942#5_0,5942#5,0.0,37.01,52.01,15.0,False,True,1,0,False,physical_isolation
veh_full_origin_0158_0006,origin_0158,5439075911,12727#0,6214#1_1,6214#1,0.0,10.93,40.94,30.01,False,False,1,1,True,queue_behind_blockage
veh_full_origin_0158_0007,origin_0158,5439075911,12727#0,6214#0_0,6214#0,0.0,82.02,100.08,18.06,False,False,1,1,True,queue_behind_blockage
veh_full_origin_0158_0033,origin_0158,5439075911,12727#0,290#6_1,290#6,0.0,11.44,25.65,14.21,False,False,1,1,True,queue_behind_blockage
veh_full_origin_0159_0003,origin_0159,5439075912,12727#0,290#8_0,290#8,0.0,42.79,70.31,27.52,False,False,1,1,True,queue_behind_blockage
veh_full_origin_0159_0015,origin_0159,5439075912,12727#0,290#12_1,290#12,0.0,0.05,31.5,31.45,False,False,1,1,True,queue_behind_blockage
veh_full_origin_0162_0004,origin_0162,5439075931,12727#0,6214#1_1,6214#1,0.0,18.44,40.94,22.5,False,False,1,1,True,queue_behind_blockage
veh_full_origin_0162_0006,origin_0162,5439075931,12727#0,6214#0_1,6214#0,0.0,88.84,100.08,11.24,False,False,1,1,True,queue_behind_blockage
veh_full_origin_0162_0008,origin_0162,5439075931,12727#0,290#8_0,290#8,0.0,50.3,70.31,20.01,False,False,1,1,True,queue_behind_blockage
veh_full_origin_0162_0045,origin_0162,5439075931,12727#0,290#13_0,290#13,0.0,35.63,40.92,5.29,True,False,1,1,True,queue_behind_blockage
veh_full_origin_0163_0001,origin_0163,5439075932,12727#0,290#11_1,290#11,0.0,36.98,51.62,14.64,False,False,1,1,True,queue_behind_blockage
veh_full_origin_0163_0007,origin_0163,5439075932,12727#0,6214#1_1,6214#1,0.0,3.43,40.94,37.51,False,False,1,1,True,queue_behind_blockage
veh_full_origin_0163_0013,origin_0163,5439075932,12727#0,290#14_0,290#14,0.0,9.39,31.58,22.19,False,False,1,1,True,queue_behind_blockage
veh_full_origin_0163_0063,origin_0163,5439075932,12727#0,290#10_0,290#10,0.0,3.31,18.64,15.33,False,False,1,1,True,queue_behind_blockage
veh_full_origin_0163_0064,origin_0163,5439075932,12727#0,290#9_0,290#9,0.0,9.51,13.6,4.09,True,False,1,1,True,queue_behind_blockage
veh_full_origin_0163_0068,origin_0163,5439075932,12727#0,290#14_0,290#14,0.0,1.88,31.58,29.7,False,False,1,1,True,queue_behind_blockage
veh_full_origin_0163_0069,origin_0163,5439075932,12727#0,290#14_0,290#14,0.0,25.32,31.58,6.26,True,False,1,1,True,queue_behind_blockage
veh_full_origin_0163_0070,origin_0163,5439075932,12727#0,290#14_1,290#14,0.0,9.48,31.58,22.1,False,False,1,1,True,queue_behind_blockage
veh_full_origin_0163_0071,origin_0163,5439075932,12727#0,290#11_0,290#11,0.0,29.38,51.62,22.24,False,False,1,1,True,queue_behind_blockage
veh_full_origin_0163_0072,origin_0163,5439075932,12727#0,290#13_1,290#13,0.0,20.73,40.92,20.19,False,False,1,1,True,queue_behind_blockage
veh_full_origin_0163_0073,origin_0163,5439075932,12727#0,290#13_1,290#13,0.0,13.23,40.92,27.69,False,False,1,1,True,queue_behind_blockage
veh_full_origin_0163_0074,origin_0163,5439075932,12727#0,290#12_1,290#12,0.0,22.55,31.5,8.95,True,False,1,1,True,queue_behind_blockage
veh_full_origin_0163_0075,origin_0163,5439075932,12727#0,290#10_0,290#10,0.0,18.31,18.64,0.33,True,False,1,1,True,queue_behind_blockage
veh_full_origin_0163_0076,origin_0163,5439075932,12727#0,290#13_1,290#13,0.0,28.23,40.92,12.69,False,False,1,1,True,queue_behind_blockage
veh_full_origin_0163_0079,origin_0163,5439075932,12727#0,290#10_1,290#10,0.0,10.91,18.64,7.73,True,False,1,1,True,queue_behind_blockage
veh_full_origin_0163_0080,origin_0163,5439075932,12727#0,290#8_0,290#8,0.0,65.3,70.31,5.01,True,False,1,1,True,queue_behind_blockage
veh_full_origin_0163_0081,origin_0163,5439075932,12727#0,290#9_1,290#9,0.0,9.61,13.6,3.99,True,False,1,1,True,queue_behind_blockage
veh_full_origin_0163_0082,origin_0163,5439075932,12727#0,290#13_1,290#13,0.0,5.73,40.92,35.19,False,False,1,1,True,queue_behind_blockage
veh_full_origin_0163_0083,origin_0163,5439075932,12727#0,290#14_1,290#14,0.0,1.98,31.58,29.6,False,False,1,1,True,queue_behind_blockage
veh_full_origin_0163_0084,origin_0163,5439075932,12727#0,290#8_1,290#8,0.0,42.89,70.31,27.42,False,False,1,1,True,queue_behind_blockage
veh_full_origin_0163_0085,origin_0163,5439075932,12727#0,290#11_1,290#11,0.0,29.48,51.62,22.14,False,False,1,1,True,queue_behind_blockage
veh_full_origin_0163_0086,origin_0163,5439075932,12727#0,290#8_1,290#8,0.0,20.39,70.31,49.92,False,False,1,1,True,queue_behind_blockage
veh_full_origin_0163_0087,origin_0163,5439075932,12727#0,290#10_1,290#10,0.0,18.41,18.64,0.23,True,False,1,1,True,queue_behind_blockage
veh_full_origin_0164_0006,origin_0164,5439075934,12727#0,290#17_0,290#17,0.0,5.8,5.8,0.0,True,False,1,1,True,queue_behind_blockage
veh_full_origin_0174_0015,origin_0174,5439076643,6104#10,5942#6_0,5942#6,0.0,48.89,56.39,7.5,True,True,1,0,False,physical_isolation
veh_full_origin_0174_0017,origin_0174,5439076643,6104#10,5942#6_0,5942#6,0.0,41.39,56.39,15.0,False,True,1,0,False,physical_isolation
veh_full_origin_0174_0018,origin_0174,5439076643,6104#10,5942#6_0,5942#6,0.0,26.38,56.39,30.01,False,True,1,0,False,physical_isolation
veh_full_origin_0176_0024,origin_0176,5439076911,12727#0,6214#0_1,6214#0,0.0,51.9,100.08,48.18,False,False,1,1,True,queue_behind_blockage
veh_full_origin_0176_0025,origin_0176,5439076911,12727#0,6214#0_1,6214#0,0.0,96.34,100.08,3.74,True,False,1,1,True,queue_behind_blockage
veh_full_origin_0176_0036,origin_0176,5439076911,12727#0,290#3_0,290#3,0.0,1.39,10.52,9.13,True,False,1,1,True,queue_behind_blockage
veh_full_origin_0176_0044,origin_0176,5439076911,12727#0,290#12_1,290#12,0.0,7.55,31.5,23.95,False,False,1,1,True,queue_behind_blockage
veh_full_origin_0176_0046,origin_0176,5439076911,12727#0,290#8_1,290#8,0.0,27.89,70.31,42.42,False,False,1,1,True,queue_behind_blockage
veh_full_origin_0176_0047,origin_0176,5439076911,12727#0,290#11_1,290#11,0.0,44.48,51.62,7.14,True,False,1,1,True,queue_behind_blockage
veh_full_origin_0176_0048,origin_0176,5439076911,12727#0,290#8_0,290#8,0.0,20.29,70.31,50.02,False,False,1,1,True,queue_behind_blockage
veh_full_origin_0176_0049,origin_0176,5439076911,12727#0,290#7_0,290#7,0.0,15.51,40.12,24.61,False,False,1,1,True,queue_behind_blockage
veh_full_origin_0176_0050,origin_0176,5439076911,12727#0,290#8_1,290#8,0.0,57.9,70.31,12.41,False,False,1,1,True,queue_behind_blockage
veh_full_origin_0176_0051,origin_0176,5439076911,12727#0,290#7_0,290#7,0.0,8.0,40.12,32.12,False,False,1,1,True,queue_behind_blockage
veh_full_origin_0176_0052,origin_0176,5439076911,12727#0,290#6_1,290#6,0.0,18.94,25.65,6.71,True,False,1,1,True,queue_behind_blockage
veh_full_origin_0176_0053,origin_0176,5439076911,12727#0,290#8_0,290#8,0.0,35.29,70.31,35.02,False,False,1,1,True,queue_behind_blockage
veh_full_origin_0176_0054,origin_0176,5439076911,12727#0,290#8_1,290#8,0.0,12.89,70.31,57.42,False,False,1,1,True,queue_behind_blockage
veh_full_origin_0176_0055,origin_0176,5439076911,12727#0,290#5_0,290#5,0.0,7.33,10.58,3.25,True,False,1,1,True,queue_behind_blockage
veh_full_origin_0176_0056,origin_0176,5439076911,12727#0,:9000000001105_0_0,:9000000001105_0,0.0,1.27,1.44,0.17,True,False,1,1,True,intersection_blockage
veh_full_origin_0176_0057,origin_0176,5439076911,12727#0,290#4_0,290#4,0.0,5.33,11.56,6.23,True,False,1,1,True,queue_behind_blockage
veh_full_origin_0176_0058,origin_0176,5439076911,12727#0,290#7_0,290#7,0.0,38.01,40.12,2.11,True,False,1,1,True,queue_behind_blockage
veh_full_origin_0176_0059,origin_0176,5439076911,12727#0,290#3_1,290#3,0.0,1.5,10.52,9.02,True,False,1,1,True,queue_behind_blockage
veh_full_origin_0176_0060,origin_0176,5439076911,12727#0,290#7_1,290#7,0.0,15.61,40.12,24.51,False,False,1,1,True,queue_behind_blockage
veh_full_origin_0176_0062,origin_0176,5439076911,12727#0,290#6_0,290#6,0.0,18.84,25.65,6.81,True,False,1,1,True,queue_behind_blockage
veh_full_origin_0176_0063,origin_0176,5439076911,12727#0,6214#0_1,6214#0,0.0,36.7,100.08,63.38,False,False,1,1,True,queue_behind_blockage
veh_full_origin_0176_0079,origin_0176,5439076911,12727#0,290#11_1,290#11,0.0,21.98,51.62,29.64,False,False,1,1,True,queue_behind_blockage
veh_full_origin_0176_0081,origin_0176,5439076911,12727#0,290#10_1,290#10,0.0,3.41,18.64,15.23,False,False,1,1,True,queue_behind_blockage
veh_full_origin_0176_0082,origin_0176,5439076911,12727#0,290#8_1,290#8,0.0,50.4,70.31,19.91,False,False,1,1,True,queue_behind_blockage
veh_full_origin_0176_0083,origin_0176,5439076911,12727#0,290#13_1,290#13,0.0,35.73,40.92,5.19,True,False,1,1,True,queue_behind_blockage
veh_full_origin_0176_0085,origin_0176,5439076911,12727#0,290#8_0,290#8,0.0,57.8,70.31,12.51,False,False,1,1,True,queue_behind_blockage
veh_full_origin_0176_0086,origin_0176,5439076911,12727#0,:9000000001105_0_1,:9000000001105_0,0.0,1.37,1.44,0.07,True,False,1,1,True,intersection_blockage
veh_full_origin_0176_0087,origin_0176,5439076911,12727#0,290#8_0,290#8,0.0,5.29,70.31,65.02,False,False,1,1,True,queue_behind_blockage
veh_full_origin_0176_0088,origin_0176,5439076911,12727#0,290#9_1,290#9,0.0,2.11,13.6,11.49,False,False,1,1,True,queue_behind_blockage
veh_full_origin_0176_0089,origin_0176,5439076911,12727#0,290#12_1,290#12,0.0,30.05,31.5,1.45,True,False,1,1,True,queue_behind_blockage
veh_full_origin_0176_0090,origin_0176,5439076911,12727#0,290#12_1,290#12,0.0,15.05,31.5,16.45,False,False,1,1,True,queue_behind_blockage
veh_full_origin_0176_0091,origin_0176,5439076911,12727#0,290#8_1,290#8,0.0,5.39,70.31,64.92,False,False,1,1,True,queue_behind_blockage
veh_full_origin_0176_0092,origin_0176,5439076911,12727#0,290#4_1,290#4,0.0,5.43,11.56,6.13,True,False,1,1,True,queue_behind_blockage
veh_full_origin_0176_0093,origin_0176,5439076911,12727#0,290#8_0,290#8,0.0,12.79,70.31,57.52,False,False,1,1,True,queue_behind_blockage
veh_full_origin_0176_0094,origin_0176,5439076911,12727#0,290#7_1,290#7,0.0,30.61,40.12,9.51,True,False,1,1,True,queue_behind_blockage
veh_full_origin_0176_0095,origin_0176,5439076911,12727#0,290#7_0,290#7,0.0,23.01,40.12,17.11,False,False,1,1,True,queue_behind_blockage
veh_full_origin_0176_0096,origin_0176,5439076911,12727#0,290#7_0,290#7,0.0,0.5,40.12,39.62,False,False,1,1,True,queue_behind_blockage
veh_full_origin_0176_0097,origin_0176,5439076911,12727#0,290#6_1,290#6,0.0,3.94,25.65,21.71,False,False,1,1,True,queue_behind_blockage
veh_full_origin_0177_0007,origin_0177,5439076912,12727#0,6214#0_0,6214#0,0.0,51.8,100.08,48.28,False,False,1,1,True,queue_behind_blockage
veh_full_origin_0177_0012,origin_0177,5439076912,12727#0,6214#0_1,6214#0,0.0,29.2,100.08,70.88,False,False,1,1,True,queue_behind_blockage
veh_full_origin_0177_0025,origin_0177,5439076912,12727#0,290#8_1,290#8,0.0,65.4,70.31,4.91,True,False,1,1,True,queue_behind_blockage
veh_full_origin_0177_0027,origin_0177,5439076912,12727#0,6214#1_1,6214#1,0.0,25.94,40.94,15.0,False,False,1,1,True,queue_behind_blockage
veh_full_origin_0177_0028,origin_0177,5439076912,12727#0,290#3_1,290#3,0.0,9.0,10.52,1.52,True,False,1,1,True,queue_behind_blockage
veh_full_origin_0177_0032,origin_0177,5439076912,12727#0,6214#0_1,6214#0,0.0,21.7,100.08,78.38,False,False,1,1,True,queue_behind_blockage
veh_full_origin_0179_0013,origin_0179,5439076931,12727#0,290#5_1,290#5,0.0,7.43,10.58,3.15,True,False,1,1,True,queue_behind_blockage
veh_full_origin_0195_0007,origin_0195,5439077913,12727#0,290#11_1,290#11,0.0,14.47,51.62,37.15,False,False,1,1,True,queue_behind_blockage
veh_full_origin_0195_0008,origin_0195,5439077913,12727#0,290#6_0,290#6,0.0,11.34,25.65,14.31,False,False,1,1,True,queue_behind_blockage
veh_full_origin_0195_0009,origin_0195,5439077913,12727#0,290#8_0,290#8,0.0,27.79,70.31,42.52,False,False,1,1,True,queue_behind_blockage
veh_full_origin_0222_0001,origin_0222,5439079744,7058,:3737554098_0_0,:3737554098_0,0.0,10.3,14.53,4.23,True,False,1,1,True,intersection_blockage
veh_full_origin_0222_0004,origin_0222,5439079744,7058,6556#1_0,6556#1,0.0,3.3,25.8,22.5,False,False,1,1,True,queue_behind_blockage
veh_full_origin_0240_0001,origin_0240,5439170714,7058,6556#1_0,6556#1,0.0,25.8,25.8,0.0,True,False,1,1,True,queue_behind_blockage
veh_full_origin_0240_0002,origin_0240,5439170714,7058,6556#1_0,6556#1,0.0,18.3,25.8,7.5,True,False,1,1,True,queue_behind_blockage
veh_full_origin_0242_0017,origin_0242,5439170734,7058,7043_0,7043,0.0,18.27,43.83,25.56,False,False,4,4,True,queue_behind_blockage
veh_full_origin_0242_0026,origin_0242,5439170734,7058,:1429621954_1_1,:1429621954_1,0.0,6.95,18.91,11.96,False,False,1,1,True,intersection_blockage
veh_full_origin_0242_0028,origin_0242,5439170734,7058,7043_1,7043,0.0,43.23,43.83,0.6,True,False,4,4,True,queue_behind_blockage
veh_full_origin_0243_0001,origin_0243,5439170922,7058,6556#1_0,6556#1,0.0,10.8,25.8,15.0,False,False,1,1,True,queue_behind_blockage
veh_full_origin_0244_0002,origin_0244,5439170941,7058,7043_1,7043,0.0,35.73,43.83,8.1,True,False,4,4,True,queue_behind_blockage
veh_full_origin_0258_0008,origin_0258,5439171814,7058,7043_0,7043,0.0,33.27,43.83,10.56,False,False,4,4,True,queue_behind_blockage
veh_full_origin_0260_0001,origin_0260,5439172224,3270#3,12394_0,12394,0.0,21.51,42.78,21.27,False,False,3,3,True,queue_behind_blockage
veh_full_origin_0260_0002,origin_0260,5439172224,3270#3,12394_0,12394,0.0,14.01,42.78,28.77,False,False,3,3,True,queue_behind_blockage
veh_full_origin_0272_0016,origin_0272,5439172623,7058,2768#0_0,2768#0,0.0,44.4,44.4,0.0,True,False,1,1,True,queue_behind_blockage
veh_full_origin_0278_0005,origin_0278,5439172644,7058,:1429621954_20_0,:1429621954_20,0.0,4.29,14.3,10.01,False,False,1,1,True,intersection_blockage
veh_full_origin_0280_0005,origin_0280,5439172833,7058,7623_0,7623,0.0,46.08,46.18,0.1,True,False,4,4,True,queue_behind_blockage
veh_full_origin_0280_0015,origin_0280,5439172833,7058,21_1,21,0.0,0.1,0.2,0.1,True,False,3,3,True,queue_behind_blockage
veh_full_origin_0280_0066,origin_0280,5439172833,7058,:2087802545_2_0,:2087802545_2,0.0,12.41,14.16,1.75,True,False,1,1,True,intersection_blockage
veh_full_origin_0281_0004,origin_0281,5439172834,7058,:1429621954_6_0,:1429621954_6,0.0,21.19,23.7,2.51,True,False,1,1,True,intersection_blockage
veh_full_origin_0281_0005,origin_0281,5439172834,7058,7623_0,7623,0.0,38.58,46.18,7.6,True,False,4,4,True,queue_behind_blockage
veh_full_origin_0281_0006,origin_0281,5439172834,7058,7623_0,7623,0.0,31.08,46.18,15.1,False,False,4,4,True,queue_behind_blockage
veh_full_origin_0281_0007,origin_0281,5439172834,7058,7623_0,7623,0.0,23.58,46.18,22.6,False,False,4,4,True,queue_behind_blockage
veh_full_origin_0281_0008,origin_0281,5439172834,7058,7623_0,7623,0.0,16.07,46.18,30.11,False,False,4,4,True,queue_behind_blockage
veh_full_origin_0281_0009,origin_0281,5439172834,7058,7623_0,7623,0.0,8.57,46.18,37.61,False,False,4,4,True,queue_behind_blockage
veh_full_origin_0281_0010,origin_0281,5439172834,7058,7623_0,7623,0.0,1.07,46.18,45.11,False,False,4,4,True,queue_behind_blockage
veh_full_origin_0281_0035,origin_0281,5439172834,7058,6556#0_0,6556#0,0.0,5.75,9.58,3.83,True,False,1,1,True,queue_behind_blockage
veh_full_origin_0281_0040,origin_0281,5439172834,7058,7043_0,7043,0.0,25.77,43.83,18.06,False,False,4,4,True,queue_behind_blockage
veh_full_origin_0281_0041,origin_0281,5439172834,7058,7043_0,7043,0.0,3.27,43.83,40.56,False,False,4,4,True,queue_behind_blockage
veh_full_origin_0281_0047,origin_0281,5439172834,7058,7043_0,7043,0.0,40.77,43.83,3.06,True,False,4,4,True,queue_behind_blockage
veh_full_origin_0281_0049,origin_0281,5439172834,7058,:1429621954_0_0,:1429621954_0,0.0,4.44,14.45,10.01,False,False,1,1,True,intersection_blockage
veh_full_origin_0281_0052,origin_0281,5439172834,7058,7043_0,7043,0.0,10.77,43.83,33.06,False,False,4,4,True,queue_behind_blockage
veh_full_origin_0300_0003,origin_0300,5439173331,3270#3,12398_0,12398,0.0,19.07,29.94,10.87,False,False,3,3,True,queue_behind_blockage
veh_full_origin_0300_0004,origin_0300,5439173331,3270#3,12398_0,12398,0.0,26.57,29.94,3.37,True,False,3,3,True,queue_behind_blockage
veh_full_origin_0300_0005,origin_0300,5439173331,3270#3,12398_0,12398,0.0,11.57,29.94,18.37,False,False,3,3,True,queue_behind_blockage
veh_full_origin_0300_0007,origin_0300,5439173331,3270#3,:11237395538_5_0,:11237395538_5,0.0,1.24,4.68,3.44,True,False,1,1,True,intersection_blockage
veh_full_origin_0300_0008,origin_0300,5439173331,3270#3,12394_0,12394,0.0,36.51,42.78,6.27,True,False,3,3,True,queue_behind_blockage
veh_full_origin_0300_0009,origin_0300,5439173331,3270#3,12394_0,12394,0.0,29.01,42.78,13.77,False,False,3,3,True,queue_behind_blockage
veh_full_origin_0302_0005,origin_0302,5439173341,3270#3,:11237395538_1_0,:11237395538_1,0.0,4.13,4.23,0.1,True,False,1,1,True,intersection_blockage
veh_full_origin_0302_0006,origin_0302,5439173341,3270#3,12394_0,12394,0.0,6.51,42.78,36.27,False,False,3,3,True,queue_behind_blockage
veh_full_origin_0311_0012,origin_0311,5439173544,3270#3,12365#7_1,12365#7,0.0,28.5,82.11,53.61,False,False,1,1,True,queue_behind_blockage
veh_full_origin_0312_0021,origin_0312,5439173612,7058,:1429621954_12_0,:1429621954_12,0.0,1.63,4.84,3.21,True,False,1,1,True,intersection_blockage
veh_full_origin_0312_0022,origin_0312,5439173612,7058,7629#1_1,7629#1,0.0,11.39,17.26,5.87,True,False,4,4,True,queue_behind_blockage
veh_full_origin_0312_0024,origin_0312,5439173612,7058,7629#0_1,7629#0,0.0,8.45,8.72,0.27,True,False,1,1,True,queue_behind_blockage
veh_full_origin_0312_0025,origin_0312,5439173612,7058,7629#0_0,7629#0,0.0,8.65,8.72,0.07,True,False,1,1,True,queue_behind_blockage
veh_full_origin_0312_0027,origin_0312,5439173612,7058,:3738801239_5_0,:3738801239_5,0.0,4.38,17.77,13.39,False,False,1,1,True,intersection_blockage
veh_full_origin_0312_0028,origin_0312,5439173612,7058,7626_0,7626,0.0,4.67,15.29,10.62,False,False,3,3,True,queue_behind_blockage
veh_full_origin_0312_0029,origin_0312,5439173612,7058,7627_0,7627,0.0,2.11,15.29,13.18,False,False,1,1,True,queue_behind_blockage
veh_full_origin_0313_0001,origin_0313,5439173613,7058,7629#0_1,7629#0,0.0,0.95,8.72,7.77,True,False,1,1,True,queue_behind_blockage
veh_full_origin_0313_0002,origin_0313,5439173613,7058,7626_0,7626,0.0,12.17,15.29,3.12,True,False,3,3,True,queue_behind_blockage
veh_full_origin_0313_0003,origin_0313,5439173613,7058,:3738801238_0_0,:3738801238_0,0.0,1.83,4.66,2.83,True,False,1,1,True,intersection_blockage
veh_full_origin_0313_0004,origin_0313,5439173613,7058,7627_0,7627,0.0,9.61,15.29,5.68,True,False,1,1,True,queue_behind_blockage
veh_full_origin_0317_0002,origin_0317,5439173624,7058,7629#1_0,7629#1,0.0,6.78,17.26,10.48,False,False,4,4,True,queue_behind_blockage
veh_full_origin_0318_0011,origin_0318,5439173631,3270#3,3329#5_0,3329#5,0.0,9.16,14.3,5.14,True,False,1,1,True,queue_behind_blockage
veh_full_origin_0318_0018,origin_0318,5439173631,3270#3,:9000000011096_2_1,:9000000011096_2,0.0,1.46,1.85,0.39,True,False,1,1,True,intersection_blockage
veh_full_origin_0318_0019,origin_0318,5439173631,3270#3,3308#0_0,3308#0,0.0,45.43,60.43,15.0,False,False,1,1,True,queue_behind_blockage
veh_full_origin_0318_0020,origin_0318,5439173631,3270#3,3308#0_1,3308#0,0.0,37.29,60.43,23.14,False,False,1,1,True,queue_behind_blockage
veh_full_origin_0318_0021,origin_0318,5439173631,3270#3,3308#0_1,3308#0,0.0,22.28,60.43,38.15,False,False,1,1,True,queue_behind_blockage
veh_full_origin_0318_0024,origin_0318,5439173631,3270#3,3329#5_1,3329#5,0.0,14.3,14.3,0.0,True,False,1,1,True,queue_behind_blockage
veh_full_origin_0318_0025,origin_0318,5439173631,3270#3,3329#4_1,3329#4,0.0,12.21,16.87,4.66,True,False,1,1,True,queue_behind_blockage
veh_full_origin_0321_0013,origin_0321,5439173641,3270#3,3308#0_0,3308#0,0.0,37.93,60.43,22.5,False,False,1,1,True,queue_behind_blockage
veh_full_origin_0321_0015,origin_0321,5439173641,3270#3,3308#0_0,3308#0,0.0,7.92,60.43,52.51,False,False,1,1,True,queue_behind_blockage
veh_full_origin_0321_0017,origin_0321,5439173641,3270#3,3308#0_0,3308#0,0.0,52.93,60.43,7.5,True,False,1,1,True,queue_behind_blockage
veh_full_origin_0321_0018,origin_0321,5439173641,3270#3,3308#3_0,3308#3,0.0,11.3,18.8,7.5,True,False,1,1,True,queue_behind_blockage
veh_full_origin_0341_0005,origin_0341,5439174512,3270#3,3329#3_1,3329#3,0.0,12.89,28.95,16.06,False,False,1,1,True,queue_behind_blockage
veh_full_origin_0344_0043,origin_0344,5439174522,3270#3,12365#8_1,12365#8,0.0,13.69,36.19,22.5,False,False,1,1,True,queue_behind_blockage
veh_full_origin_0344_0060,origin_0344,5439174522,3270#3,12365#7_1,12365#7,0.0,66.0,82.11,16.11,False,False,1,1,True,queue_behind_blockage
veh_full_origin_0344_0064,origin_0344,5439174522,3270#3,12365#8_1,12365#8,0.0,21.19,36.19,15.0,False,False,1,1,True,queue_behind_blockage
veh_full_origin_0344_0068,origin_0344,5439174522,3270#3,12365#7_1,12365#7,0.0,73.5,82.11,8.61,True,False,1,1,True,queue_behind_blockage
veh_full_origin_0346_0001,origin_0346,5439174524,3270#3,4732#2_1,4732#2,0.0,5.35,11.39,6.04,True,False,1,1,True,queue_behind_blockage
veh_full_origin_0346_0002,origin_0346,5439174524,3270#3,3308#3_0,3308#3,0.0,18.8,18.8,0.0,True,False,1,1,True,queue_behind_blockage
veh_full_origin_0351_0005,origin_0351,5439174611,3270#3,3308#0_0,3308#0,0.0,22.92,60.43,37.51,False,False,1,1,True,queue_behind_blockage
veh_full_origin_0351_0010,origin_0351,5439174611,3270#3,3329#1_1,3329#1,0.0,4.85,8.81,3.96,True,False,1,1,True,queue_behind_blockage
veh_full_origin_0351_0013,origin_0351,5439174611,3270#3,:9000000011095_2_1,:9000000011095_2,0.0,0.67,2.45,1.78,True,False,1,1,True,intersection_blockage
veh_full_origin_0353_0001,origin_0353,5439174621,3270#3,3329#5_0,3329#5,0.0,1.66,14.3,12.64,False,False,1,1,True,queue_behind_blockage
veh_full_origin_0353_0002,origin_0353,5439174621,3270#3,3329#4_0,3329#4,0.0,12.21,16.87,4.66,True,False,1,1,True,queue_behind_blockage
veh_full_origin_0353_0003,origin_0353,5439174621,3270#3,3329#4_0,3329#4,0.0,4.71,16.87,12.16,False,False,1,1,True,queue_behind_blockage
veh_full_origin_0353_0004,origin_0353,5439174621,3270#3,3329#2_1,3329#2,0.0,3.01,11.23,8.22,True,False,1,1,True,queue_behind_blockage
veh_full_origin_0353_0007,origin_0353,5439174621,3270#3,3329#4_1,3329#4,0.0,4.71,16.87,12.16,False,False,1,1,True,queue_behind_blockage
veh_full_origin_0354_0002,origin_0354,5439174622,3270#3,3308#1_1,3308#1,0.0,4.84,7.46,2.62,True,False,1,1,True,queue_behind_blockage
veh_full_origin_0354_0004,origin_0354,5439174622,3270#3,3329#3_0,3329#3,0.0,20.39,28.95,8.56,True,False,1,1,True,queue_behind_blockage
veh_full_origin_0354_0008,origin_0354,5439174622,3270#3,3308#0_0,3308#0,0.0,30.42,60.43,30.01,False,False,1,1,True,queue_behind_blockage
veh_full_origin_0354_0009,origin_0354,5439174622,3270#3,3308#0_1,3308#0,0.0,44.79,60.43,15.64,False,False,1,1,True,queue_behind_blockage
veh_full_origin_0354_0015,origin_0354,5439174622,3270#3,3329#5_1,3329#5,0.0,1.09,14.3,13.21,False,False,1,1,True,queue_behind_blockage
veh_full_origin_0354_0017,origin_0354,5439174622,3270#3,3308#0_1,3308#0,0.0,14.78,60.43,45.65,False,False,1,1,True,queue_behind_blockage
veh_full_origin_0355_0003,origin_0355,5439174632,3270#3,3329#3_0,3329#3,0.0,12.89,28.95,16.06,False,False,1,1,True,queue_behind_blockage
veh_full_origin_0355_0007,origin_0355,5439174632,3270#3,3329#3_0,3329#3,0.0,5.39,28.95,23.56,False,False,1,1,True,queue_behind_blockage
veh_full_origin_0355_0009,origin_0355,5439174632,3270#3,3329#2_0,3329#2,0.0,3.01,11.23,8.22,True,False,1,1,True,queue_behind_blockage
veh_full_origin_0355_0010,origin_0355,5439174632,3270#3,3329#3_0,3329#3,0.0,27.89,28.95,1.06,True,False,1,1,True,queue_behind_blockage
veh_full_origin_0355_0011,origin_0355,5439174632,3270#3,3329#3_1,3329#3,0.0,27.89,28.95,1.06,True,False,1,1,True,queue_behind_blockage
veh_full_origin_0355_0012,origin_0355,5439174632,3270#3,3329#1_0,3329#1,0.0,4.85,8.81,3.96,True,False,1,1,True,queue_behind_blockage
veh_full_origin_0355_0015,origin_0355,5439174632,3270#3,3329#0_0,3329#0,0.0,10.94,13.08,2.14,True,False,1,1,True,queue_behind_blockage
veh_full_origin_0355_0023,origin_0355,5439174632,3270#3,3308#0_0,3308#0,0.0,60.43,60.43,0.0,True,False,1,1,True,queue_behind_blockage
veh_full_origin_0355_0025,origin_0355,5439174632,3270#3,3308#3_1,3308#3,0.0,6.19,18.8,12.61,False,False,1,1,True,queue_behind_blockage
veh_full_origin_0355_0026,origin_0355,5439174632,3270#3,3308#0_1,3308#0,0.0,52.29,60.43,8.14,True,False,1,1,True,queue_behind_blockage
veh_full_origin_0355_0027,origin_0355,5439174632,3270#3,3329#2_0,3329#2,0.0,10.51,11.23,0.72,True,False,1,1,True,queue_behind_blockage
veh_full_origin_0355_0028,origin_0355,5439174632,3270#3,3308#0_1,3308#0,0.0,29.79,60.43,30.64,False,False,1,1,True,queue_behind_blockage
veh_full_origin_0355_0030,origin_0355,5439174632,3270#3,3329#3_1,3329#3,0.0,5.39,28.95,23.56,False,False,1,1,True,queue_behind_blockage
veh_full_origin_0355_0031,origin_0355,5439174632,3270#3,4732#5_0,4732#5,0.0,0.2,0.2,0.0,True,False,3,3,True,queue_behind_blockage
veh_full_origin_0355_0037,origin_0355,5439174632,3270#3,3308#3_0,3308#3,0.0,3.8,18.8,15.0,False,False,1,1,True,queue_behind_blockage
veh_full_origin_0355_0038,origin_0355,5439174632,3270#3,3329#2_1,3329#2,0.0,10.51,11.23,0.72,True,False,1,1,True,queue_behind_blockage
veh_full_origin_0355_0039,origin_0355,5439174632,3270#3,3308#0_1,3308#0,0.0,59.79,60.43,0.64,True,False,1,1,True,queue_behind_blockage
veh_full_origin_0356_0005,origin_0356,5439174641,3270#3,4732#4_1,4732#4,0.0,5.72,5.72,0.0,True,False,1,1,True,queue_behind_blockage
veh_full_origin_0357_0002,origin_0357,5439174642,3270#3,12365#7_1,12365#7,0.0,43.5,82.11,38.61,False,False,1,1,True,queue_behind_blockage
veh_full_origin_0357_0007,origin_0357,5439174642,3270#3,3308#3_1,3308#3,0.0,13.69,18.8,5.11,True,False,1,1,True,queue_behind_blockage
veh_full_origin_0357_0008,origin_0357,5439174642,3270#3,12365#7_1,12365#7,0.0,36.0,82.11,46.11,False,False,1,1,True,queue_behind_blockage
veh_full_origin_0365_0029,origin_0365,5439175513,3270#3,12365#8_1,12365#8,0.0,36.19,36.19,0.0,True,False,1,1,True,queue_behind_blockage
veh_full_origin_0365_0030,origin_0365,5439175513,3270#3,12365#8_1,12365#8,0.0,6.18,36.19,30.01,False,False,1,1,True,queue_behind_blockage
veh_full_origin_0365_0031,origin_0365,5439175513,3270#3,12365#7_1,12365#7,0.0,81.0,82.11,1.11,True,False,1,1,True,queue_behind_blockage
veh_full_origin_0366_0009,origin_0366,5439175514,3270#3,12365#8_1,12365#8,0.0,28.69,36.19,7.5,True,False,1,1,True,queue_behind_blockage
veh_full_origin_0375_0004,origin_0375,5440002031,11531#5,6527#2_0,6527#2,0.0,26.38,50.74,24.36,False,False,1,1,True,queue_behind_blockage
veh_full_origin_0375_0010,origin_0375,5440002031,11531#5,:3746525689_12_0,:3746525689_12,0.0,2.87,2.97,0.1,True,False,1,1,True,intersection_blockage
veh_full_origin_0375_0012,origin_0375,5440002031,11531#5,6527#4_1,6527#4,0.0,35.79,38.37,2.58,True,False,1,1,True,queue_behind_blockage
veh_full_origin_0375_0013,origin_0375,5440002031,11531#5,6527#2_1,6527#2,0.0,23.48,50.74,27.26,False,False,1,1,True,queue_behind_blockage
veh_full_origin_0375_0018,origin_0375,5440002031,11531#5,6527#4_0,6527#4,0.0,8.69,38.37,29.68,False,False,1,1,True,queue_behind_blockage
veh_full_origin_0375_0020,origin_0375,5440002031,11531#5,6527#2_1,6527#2,0.0,0.98,50.74,49.76,False,False,1,1,True,queue_behind_blockage
veh_full_origin_0376_0022,origin_0376,5440002032,11531#5,6527#3_1,6527#3,0.78,40.4,40.59,0.19,True,False,1,1,True,queue_behind_blockage
veh_full_origin_0378_0003,origin_0378,5440002042,11531#5,6527#1_0,6527#1,0.0,7.51,10.76,3.25,True,False,1,1,True,queue_behind_blockage
veh_full_origin_0380_0002,origin_0380,5440003013,11531#5,6527#2_0,6527#2,0.0,3.88,50.74,46.86,False,False,1,1,True,queue_behind_blockage
veh_full_origin_0380_0006,origin_0380,5440003013,11531#5,9120_0,9120,0.0,13.42,43.53,30.11,False,False,4,4,True,queue_behind_blockage
veh_full_origin_0384_0001,origin_0384,5440003024,11531#5,6527#4_0,6527#4,0.0,1.19,38.37,37.18,False,False,1,1,True,queue_behind_blockage
veh_full_origin_0384_0005,origin_0384,5440003024,11531#5,6527#2_0,6527#2,1.84,50.73,50.74,0.01,True,False,1,1,True,queue_behind_blockage
veh_full_origin_0384_0006,origin_0384,5440003024,11531#5,6527#3_0,6527#3,0.0,20.02,40.59,20.57,False,False,1,1,True,queue_behind_blockage
veh_full_origin_0384_0008,origin_0384,5440003024,11531#5,6527#2_0,6527#2,0.0,41.39,50.74,9.35,True,False,1,1,True,queue_behind_blockage
veh_full_origin_0384_0009,origin_0384,5440003024,11531#5,6527#2_0,6527#2,0.0,18.88,50.74,31.86,False,False,1,1,True,queue_behind_blockage
veh_full_origin_0384_0013,origin_0384,5440003024,11531#5,9065#0_0,9065#0,0.0,3.73,13.72,9.99,True,False,1,1,True,queue_behind_blockage
veh_full_origin_0387_0004,origin_0387,5440003122,11531#5,6527#2_1,6527#2,0.0,30.98,50.74,19.76,False,False,1,1,True,queue_behind_blockage
veh_full_origin_0387_0007,origin_0387,5440003122,11531#5,6527#4_0,6527#4,0.0,31.2,38.37,7.17,True,False,1,1,True,queue_behind_blockage
veh_full_origin_0389_0001,origin_0389,5440003141,11531#5,6527#3_0,6527#3,0.0,12.52,40.59,28.07,False,False,1,1,True,queue_behind_blockage
veh_full_origin_0390_0002,origin_0390,5440003142,11531#5,6527#4_1,6527#4,0.0,5.79,38.37,32.58,False,False,1,1,True,queue_behind_blockage
veh_full_origin_0390_0003,origin_0390,5440003142,11531#5,6527#3_1,6527#3,0.0,24.62,40.59,15.97,False,False,1,1,True,queue_behind_blockage
veh_full_origin_0390_0004,origin_0390,5440003142,11531#5,6527#3_0,6527#3,0.0,5.02,40.59,35.57,False,False,1,1,True,queue_behind_blockage
veh_full_origin_0390_0006,origin_0390,5440003142,11531#5,6527#3_1,6527#3,0.0,2.11,40.59,38.48,False,False,1,1,True,queue_behind_blockage
veh_full_origin_0390_0008,origin_0390,5440003142,11531#5,6527#2_1,6527#2,0.0,15.98,50.74,34.76,False,False,1,1,True,queue_behind_blockage
veh_full_origin_0390_0014,origin_0390,5440003142,11531#5,6527#4_0,6527#4,0.0,23.7,38.37,14.67,False,False,1,1,True,queue_behind_blockage
veh_full_origin_0390_0015,origin_0390,5440003142,11531#5,6527#3_1,6527#3,0.0,32.12,40.59,8.47,True,False,1,1,True,queue_behind_blockage
veh_full_origin_0392_0009,origin_0392,5440004021,11531#5,5235#3_0,5235#3,0.0,8.13,13.97,5.84,True,False,1,1,True,queue_behind_blockage
veh_full_origin_0393_0005,origin_0393,5440004023,11531#5,:1429735990_2_0,:1429735990_2,0.0,1.01,18.16,17.15,False,False,1,1,True,intersection_blockage
veh_full_origin_0393_0006,origin_0393,5440004023,11531#5,5235#5_0,5235#5,0.1,24.14,24.15,0.01,True,False,1,1,True,queue_behind_blockage
veh_full_origin_0393_0008,origin_0393,5440004023,11531#5,5235#5_0,5235#5,0.0,16.54,24.15,7.61,True,False,1,1,True,queue_behind_blockage
veh_full_origin_0393_0009,origin_0393,5440004023,11531#5,5235#5_0,5235#5,0.0,9.04,24.15,15.11,False,False,1,1,True,queue_behind_blockage
veh_full_origin_0393_0010,origin_0393,5440004023,11531#5,5235#5_0,5235#5,0.0,1.54,24.15,22.61,False,False,1,1,True,queue_behind_blockage
veh_full_origin_0395_0002,origin_0395,5440004034,11531#5,5235#4_0,5235#4,0.0,8.53,13.8,5.27,True,False,1,1,True,queue_behind_blockage
veh_full_origin_0395_0003,origin_0395,5440004034,11531#5,5235#4_0,5235#4,0.0,1.03,13.8,12.77,False,False,1,1,True,queue_behind_blockage
veh_full_origin_0397_0001,origin_0397,5440005023,12727#0,6214#1_1,6214#1,0.0,40.94,40.94,0.0,True,False,1,1,True,queue_behind_blockage
veh_full_origin_0397_0002,origin_0397,5440005023,12727#0,6214#0_0,6214#0,0.0,74.52,100.08,25.56,False,False,1,1,True,queue_behind_blockage
veh_full_origin_0397_0003,origin_0397,5440005023,12727#0,6214#0_0,6214#0,0.0,59.31,100.08,40.77,False,False,1,1,True,queue_behind_blockage
veh_full_origin_0398_0001,origin_0398,5440005032,12727#0,290#18_1,290#18,0.0,0.2,0.2,0.0,True,False,4,4,True,queue_behind_blockage
veh_full_origin_0398_0002,origin_0398,5440005032,12727#0,290#11_0,290#11,0.0,44.38,51.62,7.24,True,False,1,1,True,queue_behind_blockage
veh_full_origin_0398_0006,origin_0398,5440005032,12727#0,290#15_1,290#15,0.0,0.15,3.09,2.94,True,False,1,1,True,queue_behind_blockage
veh_full_origin_0399_0002,origin_0399,5440005033,12727#0,290#13_0,290#13,0.0,28.13,40.92,12.79,False,False,1,1,True,queue_behind_blockage
veh_full_origin_0399_0004,origin_0399,5440005033,12727#0,290#14_1,290#14,0.0,16.98,31.58,14.6,False,False,1,1,True,queue_behind_blockage
veh_full_origin_0404_0005,origin_0404,5440007021,12727#0,290#8_1,290#8,0.0,35.39,70.31,34.92,False,False,1,1,True,queue_behind_blockage
