city_code,city_name,phase1_status,include_in_phase2_region,phase2_precheck_ready,a31a_sources,exclusion_reason,in_unified_manifest,scenario_html,scenario_data_js,scenario_app_js,scenario_style_css,network_graphml,network_edges_gpkg,network_summary_json,network_summary_nodes,network_summary_edges,phase1_scenario_dir,phase2_region_dir,expected_phase2_subdirs
08201,水戸市,phase1_target,yes,yes,08_10+08_20,,yes,yes,yes,yes,yes,yes,yes,yes,,,output/scenario_cities/08201,output/sumo/regions/08201,output/sumo/regions/08201/network;output/sumo/regions/08201/derived;output/sumo/regions/08201/scenarios;output/sumo/regions/08201/results;output/sumo/regions/08201/viz
08202,日立市,phase1_target,yes,yes,08_10,,yes,yes,yes,yes,yes,yes,yes,yes,,,output/scenario_cities/08202,output/sumo/regions/08202,output/sumo/regions/08202/network;output/sumo/regions/08202/derived;output/sumo/regions/08202/scenarios;output/sumo/regions/08202/results;output/sumo/regions/08202/viz
08203,土浦市,phase1_target,yes,yes,08_20,,yes,yes,yes,yes,yes,yes,yes,yes,,,output/scenario_cities/08203,output/sumo/regions/08203,output/sumo/regions/08203/network;output/sumo/regions/08203/derived;output/sumo/regions/08203/scenarios;output/sumo/regions/08203/results;output/sumo/regions/08203/viz
08204,古河市,phase1_target,yes,yes,08_20,,yes,yes,yes,yes,yes,yes,yes,yes,,,output/scenario_cities/08204,output/sumo/regions/08204,output/sumo/regions/08204/network;output/sumo/regions/08204/derived;output/sumo/regions/08204/scenarios;output/sumo/regions/08204/results;output/sumo/regions/08204/viz
08205,石岡市,phase1_target,yes,yes,08_10+08_20,,yes,yes,yes,yes,yes,yes,yes,yes,,,output/scenario_cities/08205,output/sumo/regions/08205,output/sumo/regions/08205/network;output/sumo/regions/08205/derived;output/sumo/regions/08205/scenarios;output/sumo/regions/08205/results;output/sumo/regions/08205/viz
08207,結城市,phase1_target,yes,yes,08_10+08_20,,yes,yes,yes,yes,yes,yes,yes,yes,,,output/scenario_cities/08207,output/sumo/regions/08207,output/sumo/regions/08207/network;output/sumo/regions/08207/derived;output/sumo/regions/08207/scenarios;output/sumo/regions/08207/results;output/sumo/regions/08207/viz
08208,龍ケ崎市,phase1_target,yes,yes,08_20,,yes,yes,yes,yes,yes,yes,yes,yes,,,output/scenario_cities/08208,output/sumo/regions/08208,output/sumo/regions/08208/network;output/sumo/regions/08208/derived;output/sumo/regions/08208/scenarios;output/sumo/regions/08208/results;output/sumo/regions/08208/viz
08210,下妻市,phase1_target,yes,yes,08_20,,yes,yes,yes,yes,yes,yes,yes,yes,,,output/scenario_cities/08210,output/sumo/regions/08210,output/sumo/regions/08210/network;output/sumo/regions/08210/derived;output/sumo/regions/08210/scenarios;output/sumo/regions/08210/results;output/sumo/regions/08210/viz
08211,常総市,phase1_target,yes,yes,08_10+08_20,,yes,yes,yes,yes,yes,yes,yes,yes,,,output/scenario_cities/08211,output/sumo/regions/08211,output/sumo/regions/08211/network;output/sumo/regions/08211/derived;output/sumo/regions/08211/scenarios;output/sumo/regions/08211/results;output/sumo/regions/08211/viz
08212,常陸太田市,phase1_target,yes,yes,08_10+08_20,,yes,yes,yes,yes,yes,yes,yes,yes,,,output/scenario_cities/08212,output/sumo/regions/08212,output/sumo/regions/08212/network;output/sumo/regions/08212/derived;output/sumo/regions/08212/scenarios;output/sumo/regions/08212/results;output/sumo/regions/08212/viz
08214,高萩市,phase1_target,yes,yes,08_10,,yes,yes,yes,yes,yes,yes,yes,yes,,,output/scenario_cities/08214,output/sumo/regions/08214,output/sumo/regions/08214/network;output/sumo/regions/08214/derived;output/sumo/regions/08214/scenarios;output/sumo/regions/08214/results;output/sumo/regions/08214/viz
08215,北茨城市,phase1_target,yes,yes,08_10,,yes,yes,yes,yes,yes,yes,yes,yes,,,output/scenario_cities/08215,output/sumo/regions/08215,output/sumo/regions/08215/network;output/sumo/regions/08215/derived;output/sumo/regions/08215/scenarios;output/sumo/regions/08215/results;output/sumo/regions/08215/viz
08216,笠間市,phase1_target,yes,yes,08_10+08_20,,yes,yes,yes,yes,yes,yes,yes,yes,,,output/scenario_cities/08216,output/sumo/regions/08216,output/sumo/regions/08216/network;output/sumo/regions/08216/derived;output/sumo/regions/08216/scenarios;output/sumo/regions/08216/results;output/sumo/regions/08216/viz
08217,取手市,phase1_target,yes,yes,08_20,,yes,yes,yes,yes,yes,yes,yes,yes,,,output/scenario_cities/08217,output/sumo/regions/08217,output/sumo/regions/08217/network;output/sumo/regions/08217/derived;output/sumo/regions/08217/scenarios;output/sumo/regions/08217/results;output/sumo/regions/08217/viz
08219,牛久市,phase1_target,yes,yes,08_20,,yes,yes,yes,yes,yes,yes,yes,yes,,,output/scenario_cities/08219,output/sumo/regions/08219,output/sumo/regions/08219/network;output/sumo/regions/08219/derived;output/sumo/regions/08219/scenarios;output/sumo/regions/08219/results;output/sumo/regions/08219/viz
08220,つくば市,phase1_target,yes,yes,08_10+08_20,,yes,yes,yes,yes,yes,yes,yes,yes,,,output/scenario_cities/08220,output/sumo/regions/08220,output/sumo/regions/08220/network;output/sumo/regions/08220/derived;output/sumo/regions/08220/scenarios;output/sumo/regions/08220/results;output/sumo/regions/08220/viz
08221,ひたちなか市,phase1_target,yes,yes,08_10+08_20,,yes,yes,yes,yes,yes,yes,yes,yes,,,output/scenario_cities/08221,output/sumo/regions/08221,output/sumo/regions/08221/network;output/sumo/regions/08221/derived;output/sumo/regions/08221/scenarios;output/sumo/regions/08221/results;output/sumo/regions/08221/viz
08222,鹿嶋市,excluded_phase1,no,no,,対象外(沿岸・汽水域:河川洪水想定なし),no,no,no,no,no,no,no,no,,,output/scenario_cities/08222,output/sumo/regions/08222,output/sumo/regions/08222/network;output/sumo/regions/08222/derived;output/sumo/regions/08222/scenarios;output/sumo/regions/08222/results;output/sumo/regions/08222/viz
08223,潮来市,phase1_target,yes,yes,08_10,,yes,yes,yes,yes,yes,yes,yes,yes,,,output/scenario_cities/08223,output/sumo/regions/08223,output/sumo/regions/08223/network;output/sumo/regions/08223/derived;output/sumo/regions/08223/scenarios;output/sumo/regions/08223/results;output/sumo/regions/08223/viz
08224,守谷市,phase1_target,yes,yes,08_20,,yes,yes,yes,yes,yes,yes,yes,yes,,,output/scenario_cities/08224,output/sumo/regions/08224,output/sumo/regions/08224/network;output/sumo/regions/08224/derived;output/sumo/regions/08224/scenarios;output/sumo/regions/08224/results;output/sumo/regions/08224/viz
08225,常陸大宮市,phase1_target,yes,yes,08_10+08_20,,yes,yes,yes,yes,yes,yes,yes,yes,,,output/scenario_cities/08225,output/sumo/regions/08225,output/sumo/regions/08225/network;output/sumo/regions/08225/derived;output/sumo/regions/08225/scenarios;output/sumo/regions/08225/results;output/sumo/regions/08225/viz
08226,那珂市,phase1_target,yes,yes,08_10+08_20,,yes,yes,yes,yes,yes,yes,yes,yes,,,output/scenario_cities/08226,output/sumo/regions/08226,output/sumo/regions/08226/network;output/sumo/regions/08226/derived;output/sumo/regions/08226/scenarios;output/sumo/regions/08226/results;output/sumo/regions/08226/viz
08227,筑西市,phase1_target,yes,yes,08_10+08_20,,yes,yes,yes,yes,yes,yes,yes,yes,,,output/scenario_cities/08227,output/sumo/regions/08227,output/sumo/regions/08227/network;output/sumo/regions/08227/derived;output/sumo/regions/08227/scenarios;output/sumo/regions/08227/results;output/sumo/regions/08227/viz
08228,坂東市,phase1_target,yes,yes,08_20,,yes,yes,yes,yes,yes,yes,yes,yes,,,output/scenario_cities/08228,output/sumo/regions/08228,output/sumo/regions/08228/network;output/sumo/regions/08228/derived;output/sumo/regions/08228/scenarios;output/sumo/regions/08228/results;output/sumo/regions/08228/viz
08229,稲敷市,phase1_target,yes,yes,08_10+08_20,,yes,yes,yes,yes,yes,yes,yes,yes,,,output/scenario_cities/08229,output/sumo/regions/08229,output/sumo/regions/08229/network;output/sumo/regions/08229/derived;output/sumo/regions/08229/scenarios;output/sumo/regions/08229/results;output/sumo/regions/08229/viz
08230,かすみがうら市,phase1_target,yes,yes,08_10+08_20,,yes,yes,yes,yes,yes,yes,yes,yes,,,output/scenario_cities/08230,output/sumo/regions/08230,output/sumo/regions/08230/network;output/sumo/regions/08230/derived;output/sumo/regions/08230/scenarios;output/sumo/regions/08230/results;output/sumo/regions/08230/viz
08231,桜川市,phase1_target,yes,yes,08_10+08_20,,yes,yes,yes,yes,yes,yes,yes,yes,,,output/scenario_cities/08231,output/sumo/regions/08231,output/sumo/regions/08231/network;output/sumo/regions/08231/derived;output/sumo/regions/08231/scenarios;output/sumo/regions/08231/results;output/sumo/regions/08231/viz
08232,神栖市,excluded_phase1,no,no,,対象外(利根川河口・沿岸:利根川系A31a未収録),no,no,no,no,no,no,no,no,,,output/scenario_cities/08232,output/sumo/regions/08232,output/sumo/regions/08232/network;output/sumo/regions/08232/derived;output/sumo/regions/08232/scenarios;output/sumo/regions/08232/results;output/sumo/regions/08232/viz
08233,行方市,phase1_target,yes,yes,08_10+08_20,,yes,yes,yes,yes,yes,yes,yes,yes,,,output/scenario_cities/08233,output/sumo/regions/08233,output/sumo/regions/08233/network;output/sumo/regions/08233/derived;output/sumo/regions/08233/scenarios;output/sumo/regions/08233/results;output/sumo/regions/08233/viz
08234,鉾田市,phase1_target,yes,yes,08_10+08_20,,yes,yes,yes,yes,yes,yes,yes,yes,,,output/scenario_cities/08234,output/sumo/regions/08234,output/sumo/regions/08234/network;output/sumo/regions/08234/derived;output/sumo/regions/08234/scenarios;output/sumo/regions/08234/results;output/sumo/regions/08234/viz
08235,つくばみらい市,phase1_target,yes,yes,08_10+08_20,,yes,yes,yes,yes,yes,yes,yes,yes,,,output/scenario_cities/08235,output/sumo/regions/08235,output/sumo/regions/08235/network;output/sumo/regions/08235/derived;output/sumo/regions/08235/scenarios;output/sumo/regions/08235/results;output/sumo/regions/08235/viz
08236,小美玉市,phase1_target,yes,yes,08_10+08_20,,yes,yes,yes,yes,yes,yes,yes,yes,,,output/scenario_cities/08236,output/sumo/regions/08236,output/sumo/regions/08236/network;output/sumo/regions/08236/derived;output/sumo/regions/08236/scenarios;output/sumo/regions/08236/results;output/sumo/regions/08236/viz
08302,茨城町,phase1_target,yes,yes,08_10+08_20,,yes,yes,yes,yes,yes,yes,yes,yes,,,output/scenario_cities/08302,output/sumo/regions/08302,output/sumo/regions/08302/network;output/sumo/regions/08302/derived;output/sumo/regions/08302/scenarios;output/sumo/regions/08302/results;output/sumo/regions/08302/viz
08309,大洗町,phase1_target,yes,yes,08_20,,yes,yes,yes,yes,yes,yes,yes,yes,,,output/scenario_cities/08309,output/sumo/regions/08309,output/sumo/regions/08309/network;output/sumo/regions/08309/derived;output/sumo/regions/08309/scenarios;output/sumo/regions/08309/results;output/sumo/regions/08309/viz
08310,城里町,phase1_target,yes,yes,08_10+08_20,,yes,yes,yes,yes,yes,yes,yes,yes,,,output/scenario_cities/08310,output/sumo/regions/08310,output/sumo/regions/08310/network;output/sumo/regions/08310/derived;output/sumo/regions/08310/scenarios;output/sumo/regions/08310/results;output/sumo/regions/08310/viz
08341,東海村,excluded_phase1,no,no,,対象外(海岸段丘台地:那珂川浸水域が市境外止まり),no,no,no,no,no,yes,yes,yes,,,output/scenario_cities/08341,output/sumo/regions/08341,output/sumo/regions/08341/network;output/sumo/regions/08341/derived;output/sumo/regions/08341/scenarios;output/sumo/regions/08341/results;output/sumo/regions/08341/viz
08364,大子町,phase1_target,yes,yes,08_10,,yes,yes,yes,yes,yes,yes,yes,yes,,,output/scenario_cities/08364,output/sumo/regions/08364,output/sumo/regions/08364/network;output/sumo/regions/08364/derived;output/sumo/regions/08364/scenarios;output/sumo/regions/08364/results;output/sumo/regions/08364/viz
08442,美浦村,phase1_target,yes,yes,08_20,,yes,yes,yes,yes,yes,yes,yes,yes,,,output/scenario_cities/08442,output/sumo/regions/08442,output/sumo/regions/08442/network;output/sumo/regions/08442/derived;output/sumo/regions/08442/scenarios;output/sumo/regions/08442/results;output/sumo/regions/08442/viz
08443,阿見町,phase1_target,yes,yes,08_20,,yes,yes,yes,yes,yes,yes,yes,yes,,,output/scenario_cities/08443,output/sumo/regions/08443,output/sumo/regions/08443/network;output/sumo/regions/08443/derived;output/sumo/regions/08443/scenarios;output/sumo/regions/08443/results;output/sumo/regions/08443/viz
08447,河内町,phase1_target,yes,yes,08_20,,yes,yes,yes,yes,yes,yes,yes,yes,,,output/scenario_cities/08447,output/sumo/regions/08447,output/sumo/regions/08447/network;output/sumo/regions/08447/derived;output/sumo/regions/08447/scenarios;output/sumo/regions/08447/results;output/sumo/regions/08447/viz
08521,八千代町,phase1_target,yes,yes,08_20,,yes,yes,yes,yes,yes,yes,yes,yes,,,output/scenario_cities/08521,output/sumo/regions/08521,output/sumo/regions/08521/network;output/sumo/regions/08521/derived;output/sumo/regions/08521/scenarios;output/sumo/regions/08521/results;output/sumo/regions/08521/viz
08542,五霞町,phase1_target,yes,yes,08_20,,yes,yes,yes,yes,yes,yes,yes,yes,,,output/scenario_cities/08542,output/sumo/regions/08542,output/sumo/regions/08542/network;output/sumo/regions/08542/derived;output/sumo/regions/08542/scenarios;output/sumo/regions/08542/results;output/sumo/regions/08542/viz
08546,境町,phase1_target,yes,yes,08_20,,yes,yes,yes,yes,yes,yes,yes,yes,,,output/scenario_cities/08546,output/sumo/regions/08546,output/sumo/regions/08546/network;output/sumo/regions/08546/derived;output/sumo/regions/08546/scenarios;output/sumo/regions/08546/results;output/sumo/regions/08546/viz
08564,利根町,phase1_target,yes,yes,08_20,,yes,yes,yes,yes,yes,yes,yes,yes,,,output/scenario_cities/08564,output/sumo/regions/08564,output/sumo/regions/08564/network;output/sumo/regions/08564/derived;output/sumo/regions/08564/scenarios;output/sumo/regions/08564/results;output/sumo/regions/08564/viz
