city_code,city_name,scenario,vehicle_count,arrived_count,not_arrived_count,reroute_failed_count,long_stopped_count,departure_blocked_count,stranded_main_count,closure_event_count,final_closed_sumo_edge_count,vehicle_log,closure_log,congestion_log,summary,updated_at,run_id
08211,常総市,small,405,405,0,0,0,0,0,8,8968,output/sumo/regions/08211/results/scenario_a_small_vehicle_log.csv,output/sumo/regions/08211/results/scenario_a_small_closure_log.csv,output/sumo/regions/08211/results/scenario_a_small_congestion_log.csv,output/sumo/regions/08211/results/scenario_a_small_traci_summary.json,2026-05-15T13:55:02,
08201,水戸市,small,611,611,0,0,0,0,0,8,16389,output/sumo/regions/08201/results/scenario_a_small_vehicle_log.csv,output/sumo/regions/08201/results/scenario_a_small_closure_log.csv,output/sumo/regions/08201/results/scenario_a_small_congestion_log.csv,output/sumo/regions/08201/results/scenario_a_small_traci_summary.json,2026-05-18T14:43:29,
08202,日立市,small,107,107,0,0,0,0,0,8,2927,output/sumo/regions/08202/results/scenario_a_small_vehicle_log.csv,output/sumo/regions/08202/results/scenario_a_small_closure_log.csv,output/sumo/regions/08202/results/scenario_a_small_congestion_log.csv,output/sumo/regions/08202/results/scenario_a_small_traci_summary.json,2026-05-18T14:46:09,
08203,土浦市,small,121,121,0,0,0,0,0,8,3241,output/sumo/regions/08203/results/scenario_a_small_vehicle_log.csv,output/sumo/regions/08203/results/scenario_a_small_closure_log.csv,output/sumo/regions/08203/results/scenario_a_small_congestion_log.csv,output/sumo/regions/08203/results/scenario_a_small_traci_summary.json,2026-05-18T14:48:09,
08204,古河市,small,284,284,0,0,0,0,0,8,5916,output/sumo/regions/08204/results/scenario_a_small_vehicle_log.csv,output/sumo/regions/08204/results/scenario_a_small_closure_log.csv,output/sumo/regions/08204/results/scenario_a_small_congestion_log.csv,output/sumo/regions/08204/results/scenario_a_small_traci_summary.json,2026-05-18T14:50:29,
08205,石岡市,small,296,296,0,0,0,0,0,8,7661,output/sumo/regions/08205/results/scenario_a_small_vehicle_log.csv,output/sumo/regions/08205/results/scenario_a_small_closure_log.csv,output/sumo/regions/08205/results/scenario_a_small_congestion_log.csv,output/sumo/regions/08205/results/scenario_a_small_traci_summary.json,2026-05-18T14:52:45,
08207,結城市,small,157,157,0,0,0,0,0,8,2375,output/sumo/regions/08207/results/scenario_a_small_vehicle_log.csv,output/sumo/regions/08207/results/scenario_a_small_closure_log.csv,output/sumo/regions/08207/results/scenario_a_small_congestion_log.csv,output/sumo/regions/08207/results/scenario_a_small_traci_summary.json,2026-05-18T14:53:53,
08208,龍ケ崎市,small,194,194,0,0,0,0,0,8,4613,output/sumo/regions/08208/results/scenario_a_small_vehicle_log.csv,output/sumo/regions/08208/results/scenario_a_small_closure_log.csv,output/sumo/regions/08208/results/scenario_a_small_congestion_log.csv,output/sumo/regions/08208/results/scenario_a_small_traci_summary.json,2026-05-18T14:55:01,
08210,下妻市,small,150,150,0,0,0,0,0,8,3421,output/sumo/regions/08210/results/scenario_a_small_vehicle_log.csv,output/sumo/regions/08210/results/scenario_a_small_closure_log.csv,output/sumo/regions/08210/results/scenario_a_small_congestion_log.csv,output/sumo/regions/08210/results/scenario_a_small_traci_summary.json,2026-05-18T14:56:15,
08212,常陸太田市,small,264,264,0,0,0,0,0,8,12232,output/sumo/regions/08212/results/scenario_a_small_vehicle_log.csv,output/sumo/regions/08212/results/scenario_a_small_closure_log.csv,output/sumo/regions/08212/results/scenario_a_small_congestion_log.csv,output/sumo/regions/08212/results/scenario_a_small_traci_summary.json,2026-05-18T14:58:48,
08214,高萩市,small,104,104,0,0,0,0,0,8,3440,output/sumo/regions/08214/results/scenario_a_small_vehicle_log.csv,output/sumo/regions/08214/results/scenario_a_small_closure_log.csv,output/sumo/regions/08214/results/scenario_a_small_congestion_log.csv,output/sumo/regions/08214/results/scenario_a_small_traci_summary.json,2026-05-18T15:00:05,
08215,北茨城市,small,152,152,0,0,0,0,0,8,4352,output/sumo/regions/08215/results/scenario_a_small_vehicle_log.csv,output/sumo/regions/08215/results/scenario_a_small_closure_log.csv,output/sumo/regions/08215/results/scenario_a_small_congestion_log.csv,output/sumo/regions/08215/results/scenario_a_small_traci_summary.json,2026-05-18T15:01:39,
08216,笠間市,small,384,384,0,0,0,0,0,8,13580,output/sumo/regions/08216/results/scenario_a_small_vehicle_log.csv,output/sumo/regions/08216/results/scenario_a_small_closure_log.csv,output/sumo/regions/08216/results/scenario_a_small_congestion_log.csv,output/sumo/regions/08216/results/scenario_a_small_traci_summary.json,2026-05-18T15:05:01,
08217,取手市,small,259,259,0,0,0,0,0,8,6336,output/sumo/regions/08217/results/scenario_a_small_vehicle_log.csv,output/sumo/regions/08217/results/scenario_a_small_closure_log.csv,output/sumo/regions/08217/results/scenario_a_small_congestion_log.csv,output/sumo/regions/08217/results/scenario_a_small_traci_summary.json,2026-05-18T15:07:10,
08219,牛久市,small,108,108,0,0,0,0,0,8,2830,output/sumo/regions/08219/results/scenario_a_small_vehicle_log.csv,output/sumo/regions/08219/results/scenario_a_small_closure_log.csv,output/sumo/regions/08219/results/scenario_a_small_congestion_log.csv,output/sumo/regions/08219/results/scenario_a_small_traci_summary.json,2026-05-18T15:08:42,
08220,つくば市,small,501,501,0,0,0,0,0,8,14337,output/sumo/regions/08220/results/scenario_a_small_vehicle_log.csv,output/sumo/regions/08220/results/scenario_a_small_closure_log.csv,output/sumo/regions/08220/results/scenario_a_small_congestion_log.csv,output/sumo/regions/08220/results/scenario_a_small_traci_summary.json,2026-05-18T15:15:37,
08221,ひたちなか市,small,153,153,0,0,0,0,0,8,2696,output/sumo/regions/08221/results/scenario_a_small_vehicle_log.csv,output/sumo/regions/08221/results/scenario_a_small_closure_log.csv,output/sumo/regions/08221/results/scenario_a_small_congestion_log.csv,output/sumo/regions/08221/results/scenario_a_small_traci_summary.json,2026-05-18T15:17:47,
08223,潮来市,small,38,38,0,0,0,0,0,8,801,output/sumo/regions/08223/results/scenario_a_small_vehicle_log.csv,output/sumo/regions/08223/results/scenario_a_small_closure_log.csv,output/sumo/regions/08223/results/scenario_a_small_congestion_log.csv,output/sumo/regions/08223/results/scenario_a_small_traci_summary.json,2026-05-18T15:18:49,
08224,守谷市,small,18,18,0,0,0,0,0,8,848,output/sumo/regions/08224/results/scenario_a_small_vehicle_log.csv,output/sumo/regions/08224/results/scenario_a_small_closure_log.csv,output/sumo/regions/08224/results/scenario_a_small_congestion_log.csv,output/sumo/regions/08224/results/scenario_a_small_traci_summary.json,2026-05-18T15:19:41,
08225,常陸大宮市,small,90,90,0,0,0,0,0,8,5168,output/sumo/regions/08225/results/scenario_a_small_vehicle_log.csv,output/sumo/regions/08225/results/scenario_a_small_closure_log.csv,output/sumo/regions/08225/results/scenario_a_small_congestion_log.csv,output/sumo/regions/08225/results/scenario_a_small_traci_summary.json,2026-05-18T15:21:48,
08226,那珂市,small,24,24,0,0,0,0,0,8,32,output/sumo/regions/08226/results/scenario_a_small_vehicle_log.csv,output/sumo/regions/08226/results/scenario_a_small_closure_log.csv,output/sumo/regions/08226/results/scenario_a_small_congestion_log.csv,output/sumo/regions/08226/results/scenario_a_small_traci_summary.json,2026-05-18T15:23:06,
08227,筑西市,small,526,526,0,0,0,0,0,8,12581,output/sumo/regions/08227/results/scenario_a_small_vehicle_log.csv,output/sumo/regions/08227/results/scenario_a_small_closure_log.csv,output/sumo/regions/08227/results/scenario_a_small_congestion_log.csv,output/sumo/regions/08227/results/scenario_a_small_traci_summary.json,2026-05-18T15:26:07,
08228,坂東市,small,325,325,0,0,0,0,0,8,6166,output/sumo/regions/08228/results/scenario_a_small_vehicle_log.csv,output/sumo/regions/08228/results/scenario_a_small_closure_log.csv,output/sumo/regions/08228/results/scenario_a_small_congestion_log.csv,output/sumo/regions/08228/results/scenario_a_small_traci_summary.json,2026-05-18T15:28:01,
08229,稲敷市,small,297,297,0,0,0,0,0,8,7677,output/sumo/regions/08229/results/scenario_a_small_vehicle_log.csv,output/sumo/regions/08229/results/scenario_a_small_closure_log.csv,output/sumo/regions/08229/results/scenario_a_small_congestion_log.csv,output/sumo/regions/08229/results/scenario_a_small_traci_summary.json,2026-05-18T15:29:47,
08230,かすみがうら市,small,174,174,0,0,0,0,0,8,4611,output/sumo/regions/08230/results/scenario_a_small_vehicle_log.csv,output/sumo/regions/08230/results/scenario_a_small_closure_log.csv,output/sumo/regions/08230/results/scenario_a_small_congestion_log.csv,output/sumo/regions/08230/results/scenario_a_small_traci_summary.json,2026-05-18T15:31:10,
08231,桜川市,small,255,255,0,0,0,0,0,8,5663,output/sumo/regions/08231/results/scenario_a_small_vehicle_log.csv,output/sumo/regions/08231/results/scenario_a_small_closure_log.csv,output/sumo/regions/08231/results/scenario_a_small_congestion_log.csv,output/sumo/regions/08231/results/scenario_a_small_traci_summary.json,2026-05-18T15:32:50,
08233,行方市,small,3,3,0,0,0,0,0,8,64,output/sumo/regions/08233/results/scenario_a_small_vehicle_log.csv,output/sumo/regions/08233/results/scenario_a_small_closure_log.csv,output/sumo/regions/08233/results/scenario_a_small_congestion_log.csv,output/sumo/regions/08233/results/scenario_a_small_traci_summary.json,2026-05-18T15:34:12,
08234,鉾田市,small,146,146,0,0,0,0,0,8,2514,output/sumo/regions/08234/results/scenario_a_small_vehicle_log.csv,output/sumo/regions/08234/results/scenario_a_small_closure_log.csv,output/sumo/regions/08234/results/scenario_a_small_congestion_log.csv,output/sumo/regions/08234/results/scenario_a_small_traci_summary.json,2026-05-18T15:35:53,
08235,つくばみらい市,small,202,202,0,0,0,0,0,8,3757,output/sumo/regions/08235/results/scenario_a_small_vehicle_log.csv,output/sumo/regions/08235/results/scenario_a_small_closure_log.csv,output/sumo/regions/08235/results/scenario_a_small_congestion_log.csv,output/sumo/regions/08235/results/scenario_a_small_traci_summary.json,2026-05-18T15:37:07,
08236,小美玉市,small,157,157,0,0,0,0,0,8,2272,output/sumo/regions/08236/results/scenario_a_small_vehicle_log.csv,output/sumo/regions/08236/results/scenario_a_small_closure_log.csv,output/sumo/regions/08236/results/scenario_a_small_congestion_log.csv,output/sumo/regions/08236/results/scenario_a_small_traci_summary.json,2026-05-18T15:38:41,
08302,茨城町,small,227,227,0,0,0,0,0,8,5220,output/sumo/regions/08302/results/scenario_a_small_vehicle_log.csv,output/sumo/regions/08302/results/scenario_a_small_closure_log.csv,output/sumo/regions/08302/results/scenario_a_small_congestion_log.csv,output/sumo/regions/08302/results/scenario_a_small_traci_summary.json,2026-05-18T15:39:58,
08309,大洗町,small,2,2,0,0,0,0,0,8,0,output/sumo/regions/08309/results/scenario_a_small_vehicle_log.csv,output/sumo/regions/08309/results/scenario_a_small_closure_log.csv,output/sumo/regions/08309/results/scenario_a_small_congestion_log.csv,output/sumo/regions/08309/results/scenario_a_small_traci_summary.json,2026-05-18T15:40:19,
08310,城里町,small,186,186,0,0,0,0,0,8,12732,output/sumo/regions/08310/results/scenario_a_small_vehicle_log.csv,output/sumo/regions/08310/results/scenario_a_small_closure_log.csv,output/sumo/regions/08310/results/scenario_a_small_congestion_log.csv,output/sumo/regions/08310/results/scenario_a_small_traci_summary.json,2026-05-18T15:41:34,
08364,大子町,small,203,203,0,0,0,0,0,8,11104,output/sumo/regions/08364/results/scenario_a_small_vehicle_log.csv,output/sumo/regions/08364/results/scenario_a_small_closure_log.csv,output/sumo/regions/08364/results/scenario_a_small_congestion_log.csv,output/sumo/regions/08364/results/scenario_a_small_traci_summary.json,2026-05-18T15:43:13,
08442,美浦村,small,36,36,0,0,0,0,0,8,876,output/sumo/regions/08442/results/scenario_a_small_vehicle_log.csv,output/sumo/regions/08442/results/scenario_a_small_closure_log.csv,output/sumo/regions/08442/results/scenario_a_small_congestion_log.csv,output/sumo/regions/08442/results/scenario_a_small_traci_summary.json,2026-05-18T15:43:44,
08443,阿見町,small,69,69,0,0,0,0,0,8,2295,output/sumo/regions/08443/results/scenario_a_small_vehicle_log.csv,output/sumo/regions/08443/results/scenario_a_small_closure_log.csv,output/sumo/regions/08443/results/scenario_a_small_congestion_log.csv,output/sumo/regions/08443/results/scenario_a_small_traci_summary.json,2026-05-18T15:44:48,
08447,河内町,small,138,138,0,0,0,0,0,8,3178,output/sumo/regions/08447/results/scenario_a_small_vehicle_log.csv,output/sumo/regions/08447/results/scenario_a_small_closure_log.csv,output/sumo/regions/08447/results/scenario_a_small_congestion_log.csv,output/sumo/regions/08447/results/scenario_a_small_traci_summary.json,2026-05-18T15:45:17,
08521,八千代町,small,208,208,0,0,0,0,0,8,5382,output/sumo/regions/08521/results/scenario_a_small_vehicle_log.csv,output/sumo/regions/08521/results/scenario_a_small_closure_log.csv,output/sumo/regions/08521/results/scenario_a_small_congestion_log.csv,output/sumo/regions/08521/results/scenario_a_small_traci_summary.json,2026-05-18T15:46:20,
08542,五霞町,small,7,7,0,0,0,0,0,8,0,output/sumo/regions/08542/results/scenario_a_small_vehicle_log.csv,output/sumo/regions/08542/results/scenario_a_small_closure_log.csv,output/sumo/regions/08542/results/scenario_a_small_congestion_log.csv,output/sumo/regions/08542/results/scenario_a_small_traci_summary.json,2026-05-18T15:46:43,
08546,境町,small,86,86,0,0,0,0,0,8,3058,output/sumo/regions/08546/results/scenario_a_small_vehicle_log.csv,output/sumo/regions/08546/results/scenario_a_small_closure_log.csv,output/sumo/regions/08546/results/scenario_a_small_congestion_log.csv,output/sumo/regions/08546/results/scenario_a_small_traci_summary.json,2026-05-18T15:47:26,
08564,利根町,small,53,53,0,0,0,0,0,8,1510,output/sumo/regions/08564/results/scenario_a_small_vehicle_log.csv,output/sumo/regions/08564/results/scenario_a_small_closure_log.csv,output/sumo/regions/08564/results/scenario_a_small_congestion_log.csv,output/sumo/regions/08564/results/scenario_a_small_traci_summary.json,2026-05-18T15:47:50,
08201,水戸市,10pct,2647,2647,0,0,0,0,0,8,16389,output/sumo/regions/08201/results/scenario_a_10pct_vehicle_log.csv,output/sumo/regions/08201/results/scenario_a_10pct_closure_log.csv,output/sumo/regions/08201/results/scenario_a_10pct_congestion_log.csv,output/sumo/regions/08201/results/scenario_a_10pct_traci_summary.json,2026-05-18T15:53:53,
08202,日立市,10pct,488,488,0,0,0,0,0,8,2927,output/sumo/regions/08202/results/scenario_a_10pct_vehicle_log.csv,output/sumo/regions/08202/results/scenario_a_10pct_closure_log.csv,output/sumo/regions/08202/results/scenario_a_10pct_congestion_log.csv,output/sumo/regions/08202/results/scenario_a_10pct_traci_summary.json,2026-05-18T15:58:11,
08203,土浦市,10pct,611,611,0,0,0,0,0,8,3241,output/sumo/regions/08203/results/scenario_a_10pct_vehicle_log.csv,output/sumo/regions/08203/results/scenario_a_10pct_closure_log.csv,output/sumo/regions/08203/results/scenario_a_10pct_congestion_log.csv,output/sumo/regions/08203/results/scenario_a_10pct_traci_summary.json,2026-05-18T16:06:48,
08204,古河市,10pct,1052,1052,0,0,0,0,0,8,5916,output/sumo/regions/08204/results/scenario_a_10pct_vehicle_log.csv,output/sumo/regions/08204/results/scenario_a_10pct_closure_log.csv,output/sumo/regions/08204/results/scenario_a_10pct_congestion_log.csv,output/sumo/regions/08204/results/scenario_a_10pct_traci_summary.json,2026-05-18T16:18:49,
08205,石岡市,10pct,521,521,0,0,0,0,0,8,7661,output/sumo/regions/08205/results/scenario_a_10pct_vehicle_log.csv,output/sumo/regions/08205/results/scenario_a_10pct_closure_log.csv,output/sumo/regions/08205/results/scenario_a_10pct_congestion_log.csv,output/sumo/regions/08205/results/scenario_a_10pct_traci_summary.json,2026-05-18T16:22:33,
08207,結城市,10pct,612,612,0,0,0,0,0,8,2375,output/sumo/regions/08207/results/scenario_a_10pct_vehicle_log.csv,output/sumo/regions/08207/results/scenario_a_10pct_closure_log.csv,output/sumo/regions/08207/results/scenario_a_10pct_congestion_log.csv,output/sumo/regions/08207/results/scenario_a_10pct_traci_summary.json,2026-05-18T16:23:43,
08208,龍ケ崎市,10pct,1072,1072,0,0,0,0,0,8,4613,output/sumo/regions/08208/results/scenario_a_10pct_vehicle_log.csv,output/sumo/regions/08208/results/scenario_a_10pct_closure_log.csv,output/sumo/regions/08208/results/scenario_a_10pct_congestion_log.csv,output/sumo/regions/08208/results/scenario_a_10pct_traci_summary.json,2026-05-18T16:25:23,
08210,下妻市,10pct,438,438,0,0,0,0,0,8,3421,output/sumo/regions/08210/results/scenario_a_10pct_vehicle_log.csv,output/sumo/regions/08210/results/scenario_a_10pct_closure_log.csv,output/sumo/regions/08210/results/scenario_a_10pct_congestion_log.csv,output/sumo/regions/08210/results/scenario_a_10pct_traci_summary.json,2026-05-18T16:26:39,
08212,常陸太田市,10pct,414,414,0,0,0,0,0,8,12232,output/sumo/regions/08212/results/scenario_a_10pct_vehicle_log.csv,output/sumo/regions/08212/results/scenario_a_10pct_closure_log.csv,output/sumo/regions/08212/results/scenario_a_10pct_congestion_log.csv,output/sumo/regions/08212/results/scenario_a_10pct_traci_summary.json,2026-05-18T16:28:54,
08214,高萩市,10pct,547,547,0,0,0,0,0,8,3440,output/sumo/regions/08214/results/scenario_a_10pct_vehicle_log.csv,output/sumo/regions/08214/results/scenario_a_10pct_closure_log.csv,output/sumo/regions/08214/results/scenario_a_10pct_congestion_log.csv,output/sumo/regions/08214/results/scenario_a_10pct_traci_summary.json,2026-05-18T16:29:56,
08215,北茨城市,10pct,632,632,0,0,0,0,0,8,4352,output/sumo/regions/08215/results/scenario_a_10pct_vehicle_log.csv,output/sumo/regions/08215/results/scenario_a_10pct_closure_log.csv,output/sumo/regions/08215/results/scenario_a_10pct_congestion_log.csv,output/sumo/regions/08215/results/scenario_a_10pct_traci_summary.json,2026-05-18T16:31:12,
08216,笠間市,10pct,906,906,0,0,0,0,0,8,13580,output/sumo/regions/08216/results/scenario_a_10pct_vehicle_log.csv,output/sumo/regions/08216/results/scenario_a_10pct_closure_log.csv,output/sumo/regions/08216/results/scenario_a_10pct_congestion_log.csv,output/sumo/regions/08216/results/scenario_a_10pct_traci_summary.json,2026-05-18T16:33:57,
08217,取手市,10pct,1302,1302,0,0,0,0,0,8,6336,output/sumo/regions/08217/results/scenario_a_10pct_vehicle_log.csv,output/sumo/regions/08217/results/scenario_a_10pct_closure_log.csv,output/sumo/regions/08217/results/scenario_a_10pct_congestion_log.csv,output/sumo/regions/08217/results/scenario_a_10pct_traci_summary.json,2026-05-18T16:36:49,
08219,牛久市,10pct,390,390,0,0,0,0,0,8,2830,output/sumo/regions/08219/results/scenario_a_10pct_vehicle_log.csv,output/sumo/regions/08219/results/scenario_a_10pct_closure_log.csv,output/sumo/regions/08219/results/scenario_a_10pct_congestion_log.csv,output/sumo/regions/08219/results/scenario_a_10pct_traci_summary.json,2026-05-18T16:37:53,
08220,つくば市,10pct,1530,1530,0,0,0,0,0,8,14337,output/sumo/regions/08220/results/scenario_a_10pct_vehicle_log.csv,output/sumo/regions/08220/results/scenario_a_10pct_closure_log.csv,output/sumo/regions/08220/results/scenario_a_10pct_congestion_log.csv,output/sumo/regions/08220/results/scenario_a_10pct_traci_summary.json,2026-05-18T16:44:26,
08221,ひたちなか市,10pct,724,724,0,0,0,0,0,8,2696,output/sumo/regions/08221/results/scenario_a_10pct_vehicle_log.csv,output/sumo/regions/08221/results/scenario_a_10pct_closure_log.csv,output/sumo/regions/08221/results/scenario_a_10pct_congestion_log.csv,output/sumo/regions/08221/results/scenario_a_10pct_traci_summary.json,2026-05-18T16:46:16,
08223,潮来市,10pct,199,199,0,0,0,0,0,8,801,output/sumo/regions/08223/results/scenario_a_10pct_vehicle_log.csv,output/sumo/regions/08223/results/scenario_a_10pct_closure_log.csv,output/sumo/regions/08223/results/scenario_a_10pct_congestion_log.csv,output/sumo/regions/08223/results/scenario_a_10pct_traci_summary.json,2026-05-18T16:46:56,
08224,守谷市,10pct,40,40,0,0,0,0,0,8,848,output/sumo/regions/08224/results/scenario_a_10pct_vehicle_log.csv,output/sumo/regions/08224/results/scenario_a_10pct_closure_log.csv,output/sumo/regions/08224/results/scenario_a_10pct_congestion_log.csv,output/sumo/regions/08224/results/scenario_a_10pct_traci_summary.json,2026-05-18T16:47:34,
08225,常陸大宮市,10pct,149,149,0,0,0,0,0,8,5168,output/sumo/regions/08225/results/scenario_a_10pct_vehicle_log.csv,output/sumo/regions/08225/results/scenario_a_10pct_closure_log.csv,output/sumo/regions/08225/results/scenario_a_10pct_congestion_log.csv,output/sumo/regions/08225/results/scenario_a_10pct_traci_summary.json,2026-05-18T16:49:22,
08226,那珂市,10pct,61,61,0,0,0,0,0,8,32,output/sumo/regions/08226/results/scenario_a_10pct_vehicle_log.csv,output/sumo/regions/08226/results/scenario_a_10pct_closure_log.csv,output/sumo/regions/08226/results/scenario_a_10pct_congestion_log.csv,output/sumo/regions/08226/results/scenario_a_10pct_traci_summary.json,2026-05-18T16:50:24,
08227,筑西市,10pct,1704,1704,0,0,0,0,0,8,12581,output/sumo/regions/08227/results/scenario_a_10pct_vehicle_log.csv,output/sumo/regions/08227/results/scenario_a_10pct_closure_log.csv,output/sumo/regions/08227/results/scenario_a_10pct_congestion_log.csv,output/sumo/regions/08227/results/scenario_a_10pct_traci_summary.json,2026-05-18T16:53:19,
08228,坂東市,10pct,777,777,0,0,0,0,0,8,6166,output/sumo/regions/08228/results/scenario_a_10pct_vehicle_log.csv,output/sumo/regions/08228/results/scenario_a_10pct_closure_log.csv,output/sumo/regions/08228/results/scenario_a_10pct_congestion_log.csv,output/sumo/regions/08228/results/scenario_a_10pct_traci_summary.json,2026-05-18T16:55:07,
08229,稲敷市,10pct,618,618,0,0,0,0,0,8,7677,output/sumo/regions/08229/results/scenario_a_10pct_vehicle_log.csv,output/sumo/regions/08229/results/scenario_a_10pct_closure_log.csv,output/sumo/regions/08229/results/scenario_a_10pct_congestion_log.csv,output/sumo/regions/08229/results/scenario_a_10pct_traci_summary.json,2026-05-18T16:56:41,
08230,かすみがうら市,10pct,316,316,0,0,0,0,0,8,4611,output/sumo/regions/08230/results/scenario_a_10pct_vehicle_log.csv,output/sumo/regions/08230/results/scenario_a_10pct_closure_log.csv,output/sumo/regions/08230/results/scenario_a_10pct_congestion_log.csv,output/sumo/regions/08230/results/scenario_a_10pct_traci_summary.json,2026-05-18T16:57:53,
08231,桜川市,10pct,618,618,0,0,0,0,0,8,5663,output/sumo/regions/08231/results/scenario_a_10pct_vehicle_log.csv,output/sumo/regions/08231/results/scenario_a_10pct_closure_log.csv,output/sumo/regions/08231/results/scenario_a_10pct_congestion_log.csv,output/sumo/regions/08231/results/scenario_a_10pct_traci_summary.json,2026-05-18T16:59:24,
08233,行方市,10pct,7,7,0,0,0,0,0,8,64,output/sumo/regions/08233/results/scenario_a_10pct_vehicle_log.csv,output/sumo/regions/08233/results/scenario_a_10pct_closure_log.csv,output/sumo/regions/08233/results/scenario_a_10pct_congestion_log.csv,output/sumo/regions/08233/results/scenario_a_10pct_traci_summary.json,2026-05-18T17:00:34,
08234,鉾田市,10pct,276,276,0,0,0,0,0,8,2514,output/sumo/regions/08234/results/scenario_a_10pct_vehicle_log.csv,output/sumo/regions/08234/results/scenario_a_10pct_closure_log.csv,output/sumo/regions/08234/results/scenario_a_10pct_congestion_log.csv,output/sumo/regions/08234/results/scenario_a_10pct_traci_summary.json,2026-05-18T17:02:02,
08235,つくばみらい市,10pct,422,422,0,0,0,0,0,8,3757,output/sumo/regions/08235/results/scenario_a_10pct_vehicle_log.csv,output/sumo/regions/08235/results/scenario_a_10pct_closure_log.csv,output/sumo/regions/08235/results/scenario_a_10pct_congestion_log.csv,output/sumo/regions/08235/results/scenario_a_10pct_traci_summary.json,2026-05-18T17:03:09,
08236,小美玉市,10pct,294,294,0,0,0,0,0,8,2272,output/sumo/regions/08236/results/scenario_a_10pct_vehicle_log.csv,output/sumo/regions/08236/results/scenario_a_10pct_closure_log.csv,output/sumo/regions/08236/results/scenario_a_10pct_congestion_log.csv,output/sumo/regions/08236/results/scenario_a_10pct_traci_summary.json,2026-05-18T17:04:30,
08302,茨城町,10pct,442,442,0,0,0,0,0,8,5220,output/sumo/regions/08302/results/scenario_a_10pct_vehicle_log.csv,output/sumo/regions/08302/results/scenario_a_10pct_closure_log.csv,output/sumo/regions/08302/results/scenario_a_10pct_congestion_log.csv,output/sumo/regions/08302/results/scenario_a_10pct_traci_summary.json,2026-05-18T17:05:42,
08309,大洗町,10pct,5,5,0,0,0,0,0,8,0,output/sumo/regions/08309/results/scenario_a_10pct_vehicle_log.csv,output/sumo/regions/08309/results/scenario_a_10pct_closure_log.csv,output/sumo/regions/08309/results/scenario_a_10pct_congestion_log.csv,output/sumo/regions/08309/results/scenario_a_10pct_traci_summary.json,2026-05-18T17:06:04,
08310,城里町,10pct,280,280,0,0,0,0,0,8,12732,output/sumo/regions/08310/results/scenario_a_10pct_vehicle_log.csv,output/sumo/regions/08310/results/scenario_a_10pct_closure_log.csv,output/sumo/regions/08310/results/scenario_a_10pct_congestion_log.csv,output/sumo/regions/08310/results/scenario_a_10pct_traci_summary.json,2026-05-18T17:07:18,
08364,大子町,10pct,349,349,0,0,0,0,0,8,11104,output/sumo/regions/08364/results/scenario_a_10pct_vehicle_log.csv,output/sumo/regions/08364/results/scenario_a_10pct_closure_log.csv,output/sumo/regions/08364/results/scenario_a_10pct_congestion_log.csv,output/sumo/regions/08364/results/scenario_a_10pct_traci_summary.json,2026-05-18T17:08:42,
08442,美浦村,10pct,115,115,0,0,0,0,0,8,876,output/sumo/regions/08442/results/scenario_a_10pct_vehicle_log.csv,output/sumo/regions/08442/results/scenario_a_10pct_closure_log.csv,output/sumo/regions/08442/results/scenario_a_10pct_congestion_log.csv,output/sumo/regions/08442/results/scenario_a_10pct_traci_summary.json,2026-05-18T17:09:10,
08443,阿見町,10pct,249,249,0,0,0,0,0,8,2295,output/sumo/regions/08443/results/scenario_a_10pct_vehicle_log.csv,output/sumo/regions/08443/results/scenario_a_10pct_closure_log.csv,output/sumo/regions/08443/results/scenario_a_10pct_congestion_log.csv,output/sumo/regions/08443/results/scenario_a_10pct_traci_summary.json,2026-05-18T17:10:08,
08447,河内町,10pct,261,261,0,0,0,0,0,8,3178,output/sumo/regions/08447/results/scenario_a_10pct_vehicle_log.csv,output/sumo/regions/08447/results/scenario_a_10pct_closure_log.csv,output/sumo/regions/08447/results/scenario_a_10pct_congestion_log.csv,output/sumo/regions/08447/results/scenario_a_10pct_traci_summary.json,2026-05-18T17:10:36,
08521,八千代町,10pct,409,409,0,0,0,0,0,8,5382,output/sumo/regions/08521/results/scenario_a_10pct_vehicle_log.csv,output/sumo/regions/08521/results/scenario_a_10pct_closure_log.csv,output/sumo/regions/08521/results/scenario_a_10pct_congestion_log.csv,output/sumo/regions/08521/results/scenario_a_10pct_traci_summary.json,2026-05-18T17:11:42,
08542,五霞町,10pct,16,16,0,0,0,0,0,8,0,output/sumo/regions/08542/results/scenario_a_10pct_vehicle_log.csv,output/sumo/regions/08542/results/scenario_a_10pct_closure_log.csv,output/sumo/regions/08542/results/scenario_a_10pct_congestion_log.csv,output/sumo/regions/08542/results/scenario_a_10pct_traci_summary.json,2026-05-18T17:12:03,
08546,境町,10pct,236,236,0,0,0,0,0,8,3058,output/sumo/regions/08546/results/scenario_a_10pct_vehicle_log.csv,output/sumo/regions/08546/results/scenario_a_10pct_closure_log.csv,output/sumo/regions/08546/results/scenario_a_10pct_congestion_log.csv,output/sumo/regions/08546/results/scenario_a_10pct_traci_summary.json,2026-05-18T17:12:41,
08564,利根町,10pct,174,174,0,0,0,0,0,8,1510,output/sumo/regions/08564/results/scenario_a_10pct_vehicle_log.csv,output/sumo/regions/08564/results/scenario_a_10pct_closure_log.csv,output/sumo/regions/08564/results/scenario_a_10pct_congestion_log.csv,output/sumo/regions/08564/results/scenario_a_10pct_traci_summary.json,2026-05-18T17:13:05,
08224,守谷市,full,333,333,0,0,0,0,0,8,848,output/sumo/regions/08224/results/scenario_a_vehicle_log.csv,output/sumo/regions/08224/results/scenario_a_closure_log.csv,output/sumo/regions/08224/results/scenario_a_congestion_log.csv,output/sumo/regions/08224/results/scenario_a_traci_summary.json,2026-05-18T17:15:00,
08226,那珂市,full,498,498,0,0,0,0,0,8,32,output/sumo/regions/08226/results/scenario_a_vehicle_log.csv,output/sumo/regions/08226/results/scenario_a_closure_log.csv,output/sumo/regions/08226/results/scenario_a_congestion_log.csv,output/sumo/regions/08226/results/scenario_a_traci_summary.json,2026-05-18T17:16:26,
08233,行方市,full,61,61,0,0,0,0,0,8,64,output/sumo/regions/08233/results/scenario_a_vehicle_log.csv,output/sumo/regions/08233/results/scenario_a_closure_log.csv,output/sumo/regions/08233/results/scenario_a_congestion_log.csv,output/sumo/regions/08233/results/scenario_a_traci_summary.json,2026-05-18T17:17:41,
08309,大洗町,full,40,40,0,0,0,0,0,8,0,output/sumo/regions/08309/results/scenario_a_vehicle_log.csv,output/sumo/regions/08309/results/scenario_a_closure_log.csv,output/sumo/regions/08309/results/scenario_a_congestion_log.csv,output/sumo/regions/08309/results/scenario_a_traci_summary.json,2026-05-18T17:18:00,
08442,美浦村,full,982,982,0,0,0,0,0,8,876,output/sumo/regions/08442/results/scenario_a_vehicle_log.csv,output/sumo/regions/08442/results/scenario_a_closure_log.csv,output/sumo/regions/08442/results/scenario_a_congestion_log.csv,output/sumo/regions/08442/results/scenario_a_traci_summary.json,2026-05-18T17:19:57,
08542,五霞町,full,128,128,0,0,0,0,0,8,0,output/sumo/regions/08542/results/scenario_a_vehicle_log.csv,output/sumo/regions/08542/results/scenario_a_closure_log.csv,output/sumo/regions/08542/results/scenario_a_congestion_log.csv,output/sumo/regions/08542/results/scenario_a_traci_summary.json,2026-05-18T17:20:24,
08211,常総市,10pct,1151,1151,0,0,0,0,0,8,8968,output/sumo/regions/08211/results/scenario_a_10pct_vehicle_log.csv,output/sumo/regions/08211/results/scenario_a_10pct_closure_log.csv,output/sumo/regions/08211/results/scenario_a_10pct_congestion_log.csv,output/sumo/regions/08211/results/scenario_a_10pct_traci_summary.json,2026-07-10T00:07:06,10pct_20260710T000406_265ac6c9
08211,常総市,full,9569,8989,580,0,4449,0,580,8,8968,output/sumo/regions/08211/results/scenario_a_vehicle_log.csv,output/sumo/regions/08211/results/scenario_a_closure_log.csv,output/sumo/regions/08211/results/scenario_a_congestion_log.csv,output/sumo/regions/08211/results/scenario_a_traci_summary.json,2026-07-21T13:00:13,full_20260721T120414_95df7a12
